WS10M,PS,PRECTOTCORR,T2MDEW,ALLSKY_SFC_LW_DWN,WS50M_RANGE,date
3.1828,72.9256,0.36,-4.1916,260.3304,5.5412,2019-04-01
3.06,73.068,0.4344,-4.9544,255.7372,4.7592,2019-04-02
2.93,73.1084,0.166,-3.1056,266.0684,4.7816,2019-04-03
2.5656,73.2004,0.0,-0.4264,284.4488,4.0272,2019-04-04
2.6156,73.1484,0.0352,0.788,288.2028,4.54,2019-04-05
3.042,73.0636,1.738,1.2548,294.7276,4.9456,2019-04-06
3.2444,72.9604,0.4012,0.0668,289.4112,4.5772,2019-04-07
2.4232,72.9344,7.2648,-0.4348,290.2148,3.9384,2019-04-08
2.6388,72.9692,0.8984,-1.0468,267.2376,4.3696,2019-04-09
2.9512,73.1348,0.0244,0.4604,277.1212,5.4748,2019-04-10
2.954,73.1396,0.0,-1.7388,276.0184,5.1648,2019-04-11
2.9532,73.1404,0.0,0.0788,299.8076,5.214,2019-04-12
2.9864,73.1448,0.0012,1.0384,286.0528,5.0156,2019-04-13
3.0804,73.1352,0.0,-0.3024,281.8372,5.5436,2019-04-14
3.0016,73.0996,0.0044,-0.2836,285.356,5.0644,2019-04-15
3.1404,73.1376,2.592,1.852,306.7364,6.9636,2019-04-16
3.8952,73.0976,5.9592,1.7252,299.4292,6.8036,2019-04-17
2.6244,73.0256,5.5948,0.6872,306.9688,4.2936,2019-04-18
2.0888,72.9272,0.1736,0.5884,285.1956,2.9052,2019-04-19
2.3084,72.8468,0.0508,1.2544,293.4912,3.6388,2019-04-20
2.5388,72.804,1.5884,1.6388,297.3096,4.5144,2019-04-21
2.4436,72.8888,0.71,0.9844,287.2936,4.2492,2019-04-22
2.8208,73.1144,0.0164,1.4904,290.9008,4.5228,2019-04-23
2.886,73.2436,0.1404,2.676,305.0996,4.8996,2019-04-24
3.3632,73.2508,0.3404,1.2004,305.494,5.5008,2019-04-25
3.4208,73.136,0.2472,0.4816,290.0616,6.1292,2019-04-26
3.3596,73.0488,0.0,-3.8764,266.3136,6.0008,2019-04-27
3.4992,72.992,0.0,-4.8428,268.3548,5.9816,2019-04-28
3.016,73.0052,0.0008,-5.0324,274.9908,5.2164,2019-04-29
4.0328,72.916,0.09,-2.6472,304.1396,7.3996,2019-04-30
4.9256,72.8176,0.898,0.196,329.8624,6.9576,2019-05-01
3.668,72.9148,2.6428,0.0112,324.3008,5.5476,2019-05-02
3.48,72.9748,2.2132,0.6408,308.8564,5.134,2019-05-03
3.4932,72.978,0.0144,-4.0124,270.588,5.4796,2019-05-04
3.7444,72.9508,0.0024,-6.0504,269.802,6.2888,2019-05-05
3.8916,72.8512,0.0,-6.7164,271.4104,6.1572,2019-05-06
4.1048,72.8296,0.0,-5.9916,271.8668,7.2612,2019-05-07
3.8756,72.8768,0.0,-5.2632,278.9128,5.674,2019-05-08
3.73,72.8012,0.0,-5.0796,270.646,5.9932,2019-05-09
4.094,72.8856,0.072,-0.5112,303.7712,7.2048,2019-05-10
3.5044,73.0184,0.0868,0.8344,321.7408,5.984,2019-05-11
3.6828,72.8992,0.0868,0.3344,312.7424,6.6784,2019-05-12
2.95,72.8592,0.5448,1.0948,305.522,5.4944,2019-05-13
3.1328,72.8564,1.768,2.2552,332.0304,5.3264,2019-05-14
3.0952,73.0076,0.2072,0.9796,297.5244,5.0656,2019-05-15
3.3692,73.0464,2.6312,2.1468,314.054,5.4608,2019-05-16
3.548,72.9752,0.7288,3.176,316.2412,5.4196,2019-05-17
2.8884,72.8856,0.6408,0.2712,320.2976,4.6712,2019-05-18
3.1052,72.994,0.0028,2.1864,295.3556,5.5456,2019-05-19
3.0908,73.138,0.0008,0.816,293.9864,6.0476,2019-05-20
3.2808,73.1184,0.0016,-0.0344,296.498,5.958,2019-05-21
3.1288,73.0312,0.002,-0.154,308.7248,5.9936,2019-05-22
3.5776,72.9716,0.2256,1.8416,324.978,6.5508,2019-05-23
3.754,72.9772,2.17,3.4304,332.6404,6.9556,2019-05-24
3.7196,72.7756,2.1128,1.5536,297.2576,5.9836,2019-05-25
3.372,72.816,0.1244,0.6408,281.12,5.8476,2019-05-26
3.86,72.8676,0.0016,-1.8996,280.238,6.482,2019-05-27
3.4032,72.8588,0.0,-4.5924,281.8256,5.9416,2019-05-28
3.2708,72.8432,0.0,-3.8936,288.4232,6.1616,2019-05-29
2.8776,72.8368,0.0,-2.5312,293.0428,4.8424,2019-05-30
2.9472,72.9256,0.0084,-1.8492,301.1584,5.0016,2019-05-31
3.0176,72.9728,0.4468,-0.7168,310.1568,5.3612,2019-06-01
3.2672,72.9444,2.3368,2.708,326.37,5.736,2019-06-02
3.3208,72.9532,0.834,4.1856,316.784,5.5244,2019-06-03
3.6192,72.924,0.0624,2.8116,308.9352,6.1076,2019-06-04
3.6916,72.9336,0.0028,-0.2648,302.8392,6.5652,2019-06-05
3.44,73.0136,5.1068,3.0388,332.0276,7.13,2019-06-06
3.1544,73.0604,1.4012,2.9668,297.4684,5.7508,2019-06-07
3.1284,72.9504,0.1776,1.9036,301.3456,6.094,2019-06-08
3.2072,72.8052,0.1328,2.1436,300.5076,5.9832,2019-06-09
3.1132,72.7012,0.0016,0.7012,299.874,5.4856,2019-06-10
3.4364,72.7448,2.81,1.1608,317.1352,5.5528,2019-06-11
3.2224,72.862,2.408,3.7124,325.4628,4.7932,2019-06-12
3.3612,72.822,0.2668,2.6156,306.7716,5.8276,2019-06-13
3.3016,72.7296,0.0064,-0.0164,304.0256,5.5152,2019-06-14
3.7636,72.7,0.0008,-2.6708,302.0128,7.2416,2019-06-15
3.9868,72.68,0.002,2.4396,341.2512,6.0184,2019-06-16
4.3844,72.588,2.4764,5.0728,331.9,7.1216,2019-06-17
3.7248,72.6048,1.5704,4.11,338.0408,5.8312,2019-06-18
3.6612,72.7056,0.5308,4.002,325.5356,5.4668,2019-06-19
3.0792,72.788,0.6092,5.9984,332.4928,4.8776,2019-06-20
3.0412,72.8884,0.1632,6.4956,347.2928,4.7756,2019-06-21
3.0688,72.9124,5.3,6.4212,350.6664,4.946,2019-06-22
3.1544,72.9344,8.052,8.2204,346.2588,6.4484,2019-06-23
3.354,73.0568,16.1524,10.9488,356.9796,6.0088,2019-06-24
3.332,72.9844,3.7596,10.7732,353.2272,5.1268,2019-06-25
3.3008,72.7836,2.0008,8.2884,336.884,5.4196,2019-06-26
3.5172,72.5856,0.0892,6.8376,329.7604,5.8756,2019-06-27
3.3104,72.5064,0.022,6.4756,312.7716,5.3724,2019-06-28
2.8152,72.5664,0.0744,6.7452,327.8416,4.7328,2019-06-29
3.0832,72.642,3.5884,8.8192,336.4504,4.9428,2019-06-30
2.6844,72.7044,1.916,8.5652,338.4756,4.7636,2019-07-01
2.6172,72.8056,0.974,8.126,344.8148,4.7032,2019-07-02
2.4416,72.8224,8.9352,10.7352,351.9252,4.16,2019-07-03
2.5576,72.7136,1.7968,11.96,359.1928,4.2588,2019-07-04
3.0508,72.5468,5.4436,11.7428,358.0892,5.826,2019-07-05
2.97,72.4192,3.6608,11.8948,349.1628,5.252,2019-07-06
2.6828,72.5028,6.7176,11.9392,357.3276,4.8404,2019-07-07
2.91,72.5436,9.5048,12.6848,360.384,4.8268,2019-07-08
2.9704,72.5008,14.4376,12.5376,357.9784,4.53,2019-07-09
2.8088,72.4036,9.0,12.4108,353.536,5.2152,2019-07-10
3.048,72.4456,7.3336,12.4836,350.5264,4.6556,2019-07-11
3.466,72.556,3.2152,12.1448,356.4052,5.438,2019-07-12
3.6404,72.5624,8.0124,11.6564,363.578,4.6696,2019-07-13
3.7156,72.4648,7.4048,10.7488,358.2768,5.1656,2019-07-14
3.3088,72.4504,12.5596,10.9188,356.3356,5.6016,2019-07-15
2.2724,72.6712,8.046,10.2972,356.7516,3.9244,2019-07-16
2.3172,72.7548,6.664,10.4904,358.6372,4.1176,2019-07-17
2.5272,72.7816,1.9004,11.1188,346.6536,4.1956,2019-07-18
3.0464,72.8744,0.2384,11.336,349.492,4.3832,2019-07-19
2.5236,72.9584,0.4576,11.1136,349.3376,3.756,2019-07-20
2.3616,72.9304,2.3668,11.9672,342.5452,3.348,2019-07-21
2.7284,72.8348,0.8016,12.1156,349.472,4.3216,2019-07-22
2.7568,72.7316,2.5064,11.9804,353.8768,4.488,2019-07-23
2.9568,72.6772,5.744,10.2952,341.346,4.2696,2019-07-24
2.8784,72.688,10.4856,12.3732,355.068,4.282,2019-07-25
2.3396,72.6324,6.6868,12.0116,352.7376,3.1448,2019-07-26
2.9748,72.6808,12.0476,12.3948,351.7736,5.248,2019-07-27
2.9176,72.8708,1.5172,12.708,350.554,4.5972,2019-07-28
2.3092,72.9348,1.6452,13.0368,350.4464,3.616,2019-07-29
2.3276,72.8528,2.1924,13.328,356.1684,3.572,2019-07-30
2.4128,72.7472,2.3188,13.0792,354.4708,3.0444,2019-07-31
2.8072,72.7248,3.9896,12.5764,363.224,3.6636,2019-08-01
2.7072,72.6784,6.4288,12.3388,356.1812,4.4884,2019-08-02
2.1416,72.7044,3.2964,12.1852,352.7104,3.8232,2019-08-03
2.3732,72.6208,4.5236,12.342,349.2132,4.4696,2019-08-04
2.3196,72.5064,11.0856,13.2388,355.5904,4.1648,2019-08-05
2.7244,72.5124,12.6116,13.1188,357.44,4.208,2019-08-06
2.0456,72.5716,3.8696,11.028,355.9984,3.764,2019-08-07
2.5616,72.5704,2.7944,11.7216,361.2244,3.6528,2019-08-08
2.3312,72.7408,4.9096,12.4488,357.5492,3.294,2019-08-09
2.78,72.7908,2.9052,13.308,352.848,4.0552,2019-08-10
2.4416,72.7928,7.1852,13.1192,350.7724,3.2796,2019-08-11
2.1068,72.7412,4.98,13.2616,358.8372,3.4168,2019-08-12
2.4876,72.8116,4.638,13.1976,360.7044,4.1956,2019-08-13
2.3128,72.9372,3.3188,12.4816,351.2452,3.9176,2019-08-14
2.5128,72.916,4.0316,13.0476,354.5352,4.0236,2019-08-15
2.4428,72.814,4.6872,12.4876,353.4644,4.0348,2019-08-16
3.3916,72.838,11.7856,12.242,353.42,4.5456,2019-08-17
3.4032,72.966,21.5352,11.7196,346.8892,4.9304,2019-08-18
2.5468,73.0856,5.6792,10.5604,341.728,4.1652,2019-08-19
2.458,72.972,0.6276,9.498,325.088,4.4096,2019-08-20
2.3352,72.9028,4.2512,9.7372,335.7944,3.9868,2019-08-21
2.1956,72.9428,6.0136,10.7508,351.0392,3.6828,2019-08-22
2.2308,72.9656,0.8788,11.2332,335.0788,3.2252,2019-08-23
2.2612,72.9664,0.8168,12.2184,340.3984,4.0404,2019-08-24
2.34,72.9708,4.9964,12.1924,352.7084,3.0008,2019-08-25
2.418,73.0292,1.0336,11.2416,349.7696,3.5212,2019-08-26
2.2948,73.0316,0.3152,11.6212,343.158,3.226,2019-08-27
2.0012,73.1136,0.1232,11.7152,341.2764,3.4528,2019-08-28
2.09,73.1204,1.8956,11.9616,343.932,3.4304,2019-08-29
1.9916,72.9128,2.502,12.588,349.8008,3.3088,2019-08-30
2.2344,72.7964,12.6988,12.95,347.3484,3.6444,2019-08-31
2.468,72.9032,5.45,13.0108,342.2256,4.2704,2019-09-01
2.016,72.8908,1.3768,12.6076,345.618,3.4212,2019-09-02
2.5624,72.8572,2.784,12.8328,350.2204,3.72,2019-09-03
2.5444,72.822,2.6596,12.5692,343.1584,3.0016,2019-09-04
2.126,72.8432,0.97,12.55,347.1128,3.274,2019-09-05
2.6176,72.7776,4.5528,12.328,342.1996,3.5112,2019-09-06
2.3144,72.8008,1.5828,11.0764,332.7856,3.4384,2019-09-07
2.1468,72.9172,0.6332,9.3836,332.5636,3.8052,2019-09-08
2.2776,72.8124,1.0176,9.5592,324.476,3.6288,2019-09-09
2.2416,72.7992,0.0904,9.7324,326.0656,3.6956,2019-09-10
2.2044,72.9376,1.0216,9.796,327.6356,3.8488,2019-09-11
2.5408,73.0408,0.4164,10.484,326.334,4.6356,2019-09-12
2.5088,73.0964,1.2488,10.0788,328.12,4.1476,2019-09-13
2.4844,73.0988,4.1508,10.7384,335.7368,3.9404,2019-09-14
2.66,73.0496,3.286,10.62,339.0732,5.0136,2019-09-15
2.6336,72.9228,3.0972,8.1496,324.5848,4.968,2019-09-16
2.6496,72.9896,2.9712,6.534,320.2104,4.77,2019-09-17
2.2612,73.234,3.2932,6.4712,313.2992,4.0172,2019-09-18
2.1604,73.37,0.5516,6.2784,312.1456,2.9948,2019-09-19
2.0084,73.2608,0.2532,8.8148,319.4924,3.072,2019-09-20
2.2164,73.1804,3.0524,8.4492,320.4528,3.658,2019-09-21
1.8728,73.2908,3.2836,8.2664,330.1676,3.1444,2019-09-22
2.0064,73.376,0.7136,6.714,311.7108,3.1944,2019-09-23
1.9104,73.4432,0.6148,6.7324,311.3788,2.4552,2019-09-24
2.2128,73.5344,1.1312,8.9692,316.4792,3.1452,2019-09-25
2.0592,73.5448,3.9664,9.7724,332.9376,3.0384,2019-09-26
2.0864,73.38,15.4892,9.1924,341.3364,3.826,2019-09-27
2.6288,73.2668,18.3552,8.6656,339.656,3.8888,2019-09-28
2.2916,73.2956,6.0304,7.664,337.6896,3.7388,2019-09-29
2.1744,73.1816,11.2108,7.2688,336.6552,3.3848,2019-09-30
2.4692,73.1164,2.1592,7.3792,323.2116,4.1432,2019-10-01
2.1532,73.166,0.3884,6.586,306.7216,3.6692,2019-10-02
2.3444,73.1744,1.4856,5.8624,303.9148,4.2736,2019-10-03
2.958,73.1924,0.2308,5.3232,309.0588,4.324,2019-10-04
2.6108,73.2048,0.0028,3.6604,290.7072,3.3332,2019-10-05
2.4412,73.2908,0.0064,3.068,286.7388,3.8588,2019-10-06
2.7192,73.3192,0.0492,4.3296,301.1352,4.3132,2019-10-07
2.4312,73.2856,0.0104,3.6572,279.9548,4.0516,2019-10-08
2.47,73.2524,0.094,3.18,284.61,4.1004,2019-10-09
2.2388,73.2076,0.002,2.3064,268.2296,4.4232,2019-10-10
2.1724,73.1796,0.0008,2.092,266.2588,4.3572,2019-10-11
2.0708,73.232,0.0,2.0096,267.7824,3.6736,2019-10-12
2.2044,73.2876,0.0,1.8704,265.6376,4.1092,2019-10-13
2.0224,73.3596,0.0,1.9568,268.2388,3.4648,2019-10-14
2.1836,73.4364,0.0,2.0404,268.6408,3.584,2019-10-15
2.0668,73.4552,0.0,1.9984,275.6252,3.2492,2019-10-16
2.2672,73.4224,0.0484,1.7144,271.5236,4.1428,2019-10-17
2.2936,73.4292,0.0284,1.1744,268.9872,3.7204,2019-10-18
2.6008,73.466,0.002,1.2032,274.8684,4.0628,2019-10-19
2.6356,73.3812,0.0344,0.194,271.7364,3.736,2019-10-20
2.5492,73.2032,0.0008,-2.6092,249.1036,4.0036,2019-10-21
2.5088,73.0616,0.0,-3.4052,242.0688,4.7708,2019-10-22
2.6468,73.0288,0.0,-3.0136,246.0752,5.3388,2019-10-23
2.4528,73.0896,0.0,-3.0684,248.5392,4.6684,2019-10-24
2.2804,73.1712,0.0,-1.8316,254.5412,4.41,2019-10-25
2.3272,73.226,0.0,-1.652,249.3304,4.5668,2019-10-26
2.054,73.2868,0.0,-2.226,247.0028,3.516,2019-10-27
2.1084,73.3604,0.0,-1.5828,256.8992,3.9264,2019-10-28
1.8552,73.396,0.0,-1.256,269.6636,3.7504,2019-10-29
1.9108,73.2444,0.0,-0.8224,273.746,3.7932,2019-10-30
2.1872,73.1752,0.0,-0.816,255.3876,4.082,2019-10-31
2.1848,73.2308,0.0,-1.624,253.7812,3.6668,2019-11-01
2.4368,73.31,0.0,-1.3852,276.5908,4.0628,2019-11-02
2.9748,73.2924,0.0464,-0.4088,286.2768,4.724,2019-11-03
2.8144,73.1992,0.004,-1.86,254.61,4.3736,2019-11-04
2.6248,73.0208,0.0,-4.9692,238.064,4.9524,2019-11-05
2.8088,72.94,0.0188,-5.7724,247.952,4.8736,2019-11-06
2.9768,73.0392,1.7728,-2.37,294.4748,5.2068,2019-11-07
3.056,73.22,0.17,-0.448,267.9104,5.6748,2019-11-08
2.4616,73.2636,0.0032,-2.8464,251.0344,3.9932,2019-11-09
2.5324,73.1836,0.0,-5.7136,243.4148,4.2308,2019-11-10
2.7064,73.1324,0.0,-6.618,252.9276,4.2844,2019-11-11
2.362,73.2816,0.0,-6.6916,251.1196,3.8344,2019-11-12
2.032,73.4668,0.0,-6.7816,261.5484,3.3336,2019-11-13
2.2868,73.5356,0.1944,-2.7228,287.0856,3.5528,2019-11-14
2.6864,73.3992,0.0252,-3.03,282.49,4.2244,2019-11-15
2.7452,73.3384,0.0148,-3.5756,271.098,4.9612,2019-11-16
2.4204,73.286,0.0008,-5.1188,245.156,4.092,2019-11-17
2.1356,73.1876,0.0,-7.3596,236.7968,3.8152,2019-11-18
2.086,73.138,0.0,-7.5792,237.0112,4.1756,2019-11-19
1.8132,73.21,0.0,-5.978,247.57,3.3484,2019-11-20
2.2548,73.3636,0.0,-4.7848,254.3176,4.4308,2019-11-21
2.6648,73.3948,0.096,-2.0268,272.45,4.506,2019-11-22
3.06,73.29,0.1372,-0.6304,280.4732,5.3048,2019-11-23
2.85,73.2432,0.0028,-5.548,258.9016,4.444,2019-11-24
2.8212,73.2788,0.076,-5.5996,257.86,4.3028,2019-11-25
2.4828,73.26,0.6584,-4.184,282.5964,3.7248,2019-11-26
4.2788,73.2072,3.4804,-2.312,291.2404,4.744,2019-11-27
4.264,73.2212,18.9856,-1.67,293.5476,5.9484,2019-11-28
2.706,73.1604,2.13,-5.9604,251.178,4.8128,2019-11-29
2.1616,73.1524,0.0,-10.2748,225.368,3.6064,2019-11-30
2.3452,73.1216,0.0,-10.3144,229.7124,3.8044,2019-12-01
2.2036,73.1088,0.0,-10.3156,226.0552,3.0968,2019-12-02
2.6632,73.2056,0.0,-12.104,219.2904,3.8076,2019-12-03
2.0772,73.46,0.0,-11.7564,228.024,3.366,2019-12-04
2.0324,73.5912,0.0,-10.4296,232.5592,3.3244,2019-12-05
1.846,73.5484,0.0,-10.4844,231.2616,2.7524,2019-12-06
1.7784,73.4388,0.0,-9.7288,230.2204,3.0424,2019-12-07
2.0548,73.378,0.0,-10.3264,230.552,3.398,2019-12-08
2.074,73.3124,0.0,-9.5188,240.132,3.6584,2019-12-09
2.058,73.0596,0.0,-6.8216,244.33,4.168,2019-12-10
2.3592,72.894,0.066,-7.0352,247.1528,4.5784,2019-12-11
2.9684,72.806,7.99,-3.616,271.8308,5.4992,2019-12-12
4.2348,72.6152,36.3384,-4.0248,278.9348,8.0524,2019-12-13
2.5876,73.0196,3.3204,-6.7912,258.4064,4.2436,2019-12-14
2.032,73.0148,3.3684,-9.2392,242.0008,3.216,2019-12-15
2.1692,73.0396,0.0,-12.7504,221.4372,3.812,2019-12-16
2.4152,73.162,0.0,-14.8948,222.82,3.728,2019-12-17
2.1616,73.2288,0.0,-12.3112,239.6708,3.506,2019-12-18
2.4732,73.1016,0.0012,-7.5128,254.9876,3.8364,2019-12-19
2.9728,72.9092,0.1392,-5.6636,266.3772,4.4388,2019-12-20
3.0504,72.922,0.1804,-6.4804,251.8812,4.8584,2019-12-21
2.1224,72.998,0.0144,-12.7468,213.4264,3.2436,2019-12-22
2.0116,72.9688,0.0,-14.1464,219.0764,3.44,2019-12-23
2.0252,73.0196,0.0,-14.84,212.7192,3.3772,2019-12-24
2.032,72.856,0.0,-15.9888,213.6204,3.3872,2019-12-25
2.34,72.7044,0.0,-16.8064,211.1768,4.1984,2019-12-26
3.6404,72.9528,0.0,-16.4504,209.0652,4.3916,2019-12-27
2.3484,73.11,0.0,-14.6708,220.8084,3.5624,2019-12-28
1.7524,73.1544,0.0,-13.6272,219.7484,2.9872,2019-12-29
2.1572,73.0736,0.0,-12.7584,223.684,3.0996,2019-12-30
2.9496,73.0836,0.0,-14.0176,223.0164,5.1096,2019-12-31
2.5172,73.2056,0.0472,-11.5504,230.54,5.006,2020-01-01
2.2324,73.2224,1.016,-6.3684,253.9772,4.5908,2020-01-02
2.0,72.95,0.4608,-6.3152,244.6832,3.4416,2020-01-03
2.3132,72.72,1.1928,-8.5364,245.9748,3.9024,2020-01-04
2.3548,72.7664,0.1008,-11.9816,224.512,3.982,2020-01-05
2.3828,73.0304,2.7632,-7.164,271.304,4.2532,2020-01-06
2.7312,72.8544,5.6936,-3.9708,276.5964,3.5892,2020-01-07
3.9776,72.54,13.2436,-5.3312,278.74,5.802,2020-01-08
2.316,72.7188,4.1744,-10.2036,242.4828,4.0804,2020-01-09
2.412,73.018,0.0528,-15.5784,214.344,3.4468,2020-01-10
1.9232,73.1764,0.0556,-12.8308,239.2508,3.224,2020-01-11
2.1932,73.1412,0.04,-6.3168,266.6832,3.5108,2020-01-12
4.2864,72.8028,4.4372,-4.054,283.248,7.9928,2020-01-13
3.7192,72.7988,2.3648,-4.4464,274.2312,5.4816,2020-01-14
2.8152,72.9156,0.8852,-6.2052,250.064,4.3788,2020-01-15
2.984,72.7236,9.616,-5.502,277.0012,6.4724,2020-01-16
2.8864,72.7232,9.0012,-5.968,278.6448,4.4944,2020-01-17
2.1932,72.7868,1.7328,-8.474,262.9532,3.2712,2020-01-18
2.0284,72.7968,0.0156,-12.666,217.8208,3.3476,2020-01-19
2.2828,72.8216,0.0124,-12.9396,248.028,4.6056,2020-01-20
2.8932,72.9472,0.04,-7.4312,262.3984,5.0868,2020-01-21
2.708,73.042,0.0012,-9.27,220.4,4.5916,2020-01-22
2.7396,72.8456,0.0,-15.4552,205.4824,4.224,2020-01-23
2.4952,72.9344,0.0,-14.2496,213.9384,4.3036,2020-01-24
2.4216,72.9344,0.0004,-10.6896,245.5744,4.09,2020-01-25
2.5008,72.7392,0.018,-7.5064,230.4036,4.6072,2020-01-26
2.3288,72.6408,0.6964,-10.46,257.3076,5.2088,2020-01-27
3.4976,72.5804,9.4912,-4.5984,280.4612,5.6092,2020-01-28
2.8784,72.7612,8.7668,-5.9344,270.0436,5.2628,2020-01-29
2.2828,72.7376,0.0816,-11.552,226.002,3.0076,2020-01-30
2.6096,72.6496,0.0,-12.51,226.6164,4.4716,2020-01-31
2.1112,72.7396,0.294,-10.8304,238.4288,2.8288,2020-02-01
2.6232,73.0268,0.0,-13.7796,212.9648,4.1808,2020-02-02
2.2112,73.0236,0.0,-13.7204,214.61,3.3808,2020-02-03
2.5564,72.8676,0.0,-13.9456,229.2692,4.3248,2020-02-04
2.45,72.8004,0.0,-12.3476,211.5076,4.2984,2020-02-05
2.4064,72.7212,0.0,-12.3384,217.282,4.176,2020-02-06
2.1312,72.8428,0.0216,-12.2844,225.8676,3.6004,2020-02-07
3.3252,73.068,0.0348,-14.2392,208.9172,4.5832,2020-02-08
2.5248,73.2844,0.0,-13.4584,212.74,4.224,2020-02-09
2.1684,73.1392,0.0,-11.8556,223.4952,3.4384,2020-02-10
2.1808,73.2684,0.0,-10.3324,238.0004,3.9484,2020-02-11
2.4848,73.354,0.0,-5.8936,242.1872,4.256,2020-02-12
3.0876,73.2264,0.0,-3.8384,256.7492,5.0208,2020-02-13
3.0868,72.88,0.0,-5.6952,233.8668,5.2108,2020-02-14
2.4844,72.9616,0.0,-10.0416,227.6184,4.1948,2020-02-15
2.47,73.1928,0.0,-9.9264,238.6076,4.2136,2020-02-16
2.394,73.2024,0.0,-10.4204,227.6288,3.544,2020-02-17
2.7152,73.0696,0.0,-10.5356,230.8812,4.5584,2020-02-18
2.5392,73.0772,0.0148,-7.7668,260.2676,3.8388,2020-02-19
2.5332,73.1288,1.3612,-5.7164,252.4528,3.2528,2020-02-20
3.2112,73.202,19.494,-3.664,285.0152,5.1836,2020-02-21
1.8712,73.38,5.288,-4.0108,264.6972,2.9124,2020-02-22
1.7248,73.2412,130.1224,-3.1388,267.7148,2.9048,2020-02-23
1.6152,72.9808,5.9028,-3.9204,252.5148,2.6336,2020-02-24
1.762,72.8648,2.3724,-3.3648,264.3432,2.9948,2020-02-25
2.52,72.9736,0.2632,-5.5228,248.7968,3.9852,2020-02-26
2.2148,73.164,0.0,-5.516,260.0432,4.066,2020-02-27
2.0404,73.1008,0.0256,-3.694,262.0648,3.4668,2020-02-28
1.9432,73.0488,3.022,-3.3624,267.98,3.9244,2020-02-29
2.3328,72.9656,0.496,-4.6584,275.316,4.2804,2020-03-01
2.2264,72.9376,0.1036,-5.6084,249.7444,3.6148,2020-03-02
2.258,72.8364,0.0232,-5.5716,244.388,3.6304,2020-03-03
2.3576,72.8212,0.4156,-6.2744,252.0688,4.39,2020-03-04
2.9304,72.7904,3.084,-5.16,278.3764,3.828,2020-03-05
3.6896,72.6888,16.038,-3.8112,280.8876,4.9468,2020-03-06
3.838,72.7996,11.8452,-3.6524,285.93,5.6948,2020-03-07
2.588,73.02,0.0452,-6.6924,233.716,4.2516,2020-03-08
2.52,72.9136,0.0,-7.8748,231.1324,3.8948,2020-03-09
2.4124,72.8496,0.0152,-7.574,245.9484,3.8692,2020-03-10
3.6328,72.7836,7.012,-2.742,290.1556,5.7872,2020-03-11
3.9348,73.024,4.27,-2.0544,283.3248,3.8872,2020-03-12
4.108,73.0044,11.2876,-1.4632,288.0816,7.156,2020-03-13
2.8852,72.9556,9.9908,-3.5576,278.9096,4.4668,2020-03-14
1.896,73.0104,6.0768,-5.914,255.6196,3.088,2020-03-15
2.2928,73.1404,0.0328,-6.306,241.782,3.7448,2020-03-16
2.1952,73.1896,0.0,-4.4412,241.9112,3.4488,2020-03-17
2.526,73.0728,0.1268,-3.9072,252.2792,3.9896,2020-03-18
2.2136,72.8968,0.31,-2.8752,256.2504,3.6372,2020-03-19
1.9452,72.9024,0.058,-3.3264,263.7496,3.0316,2020-03-20
2.072,72.9584,4.2756,-2.398,270.522,2.9452,2020-03-21
2.0616,72.998,2.7428,-1.2032,275.9424,3.4648,2020-03-22
2.056,73.0696,0.106,-3.1488,256.0424,3.356,2020-03-23
2.5244,73.0248,1.2964,-0.7428,286.634,4.4516,2020-03-24
2.6072,72.996,0.0368,-0.8028,275.6252,3.5984,2020-03-25
2.3696,73.0876,0.1548,-2.2612,279.1368,3.5688,2020-03-26
3.642,73.1736,8.7704,0.5304,308.0736,5.156,2020-03-27
2.9684,73.0752,0.3384,-1.358,263.6596,4.3312,2020-03-28
3.1136,72.938,0.0608,-2.7976,255.2704,4.7144,2020-03-29
2.5896,73.072,0.0,-3.9268,251.2936,4.1672,2020-03-30
2.804,73.072,0.7548,-0.9544,279.1712,4.8652,2020-03-31
3.258,72.9588,0.13,-1.1864,278.7944,3.624,2020-04-01
3.4744,72.8044,0.0524,-2.7896,259.2704,5.7196,2020-04-02
2.4904,72.9416,0.0,-4.2864,236.1904,3.718,2020-04-03
2.5656,73.03,0.0,-3.3492,253.8044,4.144,2020-04-04
2.5184,73.1268,0.0052,-2.4752,269.096,3.9648,2020-04-05
3.4016,73.0408,0.0076,-3.116,262.708,5.112,2020-04-06
3.0856,72.9264,0.078,-3.0512,264.6188,5.3164,2020-04-07
3.2536,72.9608,0.3416,-1.924,278.0788,5.55,2020-04-08
2.332,73.0208,0.1252,-1.6444,268.6252,3.7964,2020-04-09
2.3084,73.1624,0.0444,0.054,279.3524,3.8472,2020-04-10
2.6844,73.3476,0.0908,-0.5388,265.4924,4.5248,2020-04-11
2.342,73.268,0.0,-0.1628,266.7132,3.7216,2020-04-12
2.074,73.1844,0.0104,3.432,280.1908,3.5152,2020-04-13
2.1528,73.248,0.4208,3.8812,299.846,3.1808,2020-04-14
2.6488,73.2172,0.7428,2.6752,300.0224,3.9576,2020-04-15
2.7732,73.0368,0.0516,0.2932,276.962,5.082,2020-04-16
2.7296,72.9868,1.848,0.9696,301.4528,4.5872,2020-04-17
3.254,73.0488,2.3324,1.7468,295.6616,4.638,2020-04-18
3.0116,72.9468,0.4876,0.6776,291.7588,5.0076,2020-04-19
2.8076,72.988,4.21,-0.1248,288.6948,4.806,2020-04-20
2.6484,72.8848,147.2432,1.7772,295.506,4.2028,2020-04-21
1.846,72.848,9.2268,0.3532,283.2584,3.1764,2020-04-22
2.2168,72.8652,4.0848,0.7092,293.6688,4.2032,2020-04-23
2.0704,72.8528,0.144,0.1488,278.0636,3.0464,2020-04-24
1.932,72.9192,2.5068,2.05,290.9788,2.7972,2020-04-25
2.0648,73.0792,5.88,2.894,306.2128,2.716,2020-04-26
2.356,73.2412,15.9656,3.3384,313.082,3.3784,2020-04-27
1.8116,73.2012,0.976,3.364,304.0332,2.7784,2020-04-28
1.7788,73.0772,0.5272,4.236,308.8192,2.8128,2020-04-29
1.9956,73.1196,4.0472,4.4656,315.7648,2.9444,2020-04-30
2.2492,73.0372,3.224,5.6088,305.3912,3.7572,2020-05-01
2.3604,73.034,20.9892,5.822,308.4064,3.3156,2020-05-02
2.6072,73.0592,129.0376,5.1264,309.5796,3.5252,2020-05-03
2.1496,73.098,18.0128,3.0164,307.1644,3.1904,2020-05-04
2.4716,72.9892,3.2776,3.352,295.444,3.79,2020-05-05
2.6268,72.9388,1.9728,2.3316,293.7812,4.338,2020-05-06
2.5132,72.9,4.2644,1.1868,296.54,4.2776,2020-05-07
2.4984,72.97,0.2476,1.388,273.82,3.8536,2020-05-08
2.3016,73.1032,0.5312,3.7548,291.8568,3.7528,2020-05-09
2.26,73.1524,7.1552,4.3716,302.5692,3.5912,2020-05-10
2.4232,73.1664,1.906,4.17,297.5144,3.3296,2020-05-11
2.6996,73.0888,0.282,4.3324,307.4352,4.4688,2020-05-12
2.0552,73.0184,0.0304,4.0172,310.534,3.2048,2020-05-13
2.4556,73.0496,0.056,4.4888,301.3816,4.078,2020-05-14
3.0052,72.9844,0.004,1.8276,295.0288,4.9096,2020-05-15
2.6808,72.9024,0.0,2.5604,275.618,3.9388,2020-05-16
2.7696,72.8696,0.0,2.6304,282.9664,3.9436,2020-05-17
3.2196,72.7676,0.0012,1.5508,290.7568,5.258,2020-05-18
2.7688,72.692,0.0,-1.0076,269.5264,4.4136,2020-05-19
2.2068,72.6748,0.0,-0.3704,267.1896,3.7056,2020-05-20
2.5656,72.744,0.0,0.7716,274.0232,4.346,2020-05-21
2.4988,72.8776,0.0,2.6,286.9628,4.1908,2020-05-22
2.9316,73.0092,0.0924,4.1572,306.8464,5.0196,2020-05-23
3.0096,72.9924,0.006,3.0652,305.4376,4.7064,2020-05-24
2.5936,72.9184,0.008,4.0192,308.6668,4.0644,2020-05-25
2.8008,72.8992,0.3908,2.9836,321.774,5.1216,2020-05-26
2.5772,72.8644,1.446,2.4408,323.5928,4.9464,2020-05-27
2.61,72.8604,5.1412,4.6044,334.4328,3.8804,2020-05-28
3.2792,72.9168,12.8696,5.9964,330.1088,3.8772,2020-05-29
2.5972,73.0136,3.3532,5.5412,328.2108,3.92,2020-05-30
3.0916,73.0532,13.8596,5.8268,337.1064,3.2776,2020-05-31
2.468,73.0088,9.358,6.5776,331.8012,2.9912,2020-06-01
2.6292,72.9324,0.2836,4.8972,309.7716,3.5196,2020-06-02
2.5064,72.8804,1.092,5.7692,323.6384,3.622,2020-06-03
2.682,72.8384,1.9732,5.4372,332.2984,3.742,2020-06-04
2.352,72.7424,5.2148,7.6968,343.2048,4.9388,2020-06-05
2.3924,72.7208,2.8464,7.248,328.2384,3.7292,2020-06-06
2.2104,72.766,1.122,7.8368,325.2564,3.882,2020-06-07
2.218,72.7852,0.8212,8.256,324.4712,3.4292,2020-06-08
2.46,72.8788,0.0704,8.4668,324.88,3.5668,2020-06-09
2.666,72.8764,0.0596,8.8748,330.978,4.34,2020-06-10
2.562,72.8212,0.0152,7.8488,327.9652,3.4036,2020-06-11
2.5828,72.7432,0.13,8.5832,323.3544,4.2472,2020-06-12
2.426,72.7836,0.6248,6.8676,331.9728,4.4244,2020-06-13
2.7104,72.8668,2.0304,6.85,333.914,4.618,2020-06-14
2.5848,72.7012,1.464,6.668,331.1796,4.2288,2020-06-15
2.506,72.5748,1.7844,6.7076,328.558,3.7148,2020-06-16
2.702,72.5936,2.4952,8.5732,351.1036,4.8492,2020-06-17
2.9892,72.6572,1.5772,10.0444,343.668,5.06,2020-06-18
2.6576,72.7672,1.0652,8.6068,335.7036,4.472,2020-06-19
2.894,72.812,3.2468,8.332,337.1128,4.64,2020-06-20
2.4128,72.7676,1.2348,8.7948,337.2116,3.928,2020-06-21
2.3228,72.7636,2.976,9.042,333.2312,3.624,2020-06-22
2.5488,72.9816,7.6172,11.6272,350.2496,3.6708,2020-06-23
2.9416,73.0088,16.6664,12.1908,350.906,4.8796,2020-06-24
3.0092,72.7576,9.2628,11.366,341.5984,4.694,2020-06-25
2.7728,72.6308,1.4116,9.824,341.8724,4.5244,2020-06-26
2.8632,72.628,0.8716,10.4508,340.7456,4.3588,2020-06-27
2.9552,72.678,0.846,10.4588,334.5076,4.4684,2020-06-28
2.7044,72.814,1.1032,10.4052,336.75,4.3932,2020-06-29
2.6336,72.9008,0.3928,9.544,329.848,3.2572,2020-06-30
2.2864,72.8208,1.7308,11.0656,332.9792,3.4784,2020-07-01
2.4452,72.6776,5.916,11.554,339.1576,3.6084,2020-07-02
2.5952,72.6952,7.5752,12.6256,340.5336,4.516,2020-07-03
2.686,72.6592,8.9388,10.58,340.408,4.7548,2020-07-04
2.7772,72.6272,9.1512,10.0272,348.158,4.3676,2020-07-05
2.5216,72.6256,4.9756,10.7512,341.7468,3.824,2020-07-06
2.6724,72.9044,25.6364,11.768,354.9232,4.0796,2020-07-07
2.43,72.9452,20.752,12.4736,356.6788,3.5116,2020-07-08
3.0736,72.636,3.2364,13.4188,349.1464,5.3916,2020-07-09
3.556,72.4632,5.0996,12.2408,352.4988,4.2612,2020-07-10
3.3472,72.4776,5.3544,12.1968,356.2776,5.3228,2020-07-11
2.7888,72.6252,4.1212,11.1544,343.4248,4.6384,2020-07-12
2.7372,72.6524,0.3164,11.3044,328.8408,4.4532,2020-07-13
2.5536,72.784,0.218,11.8508,340.674,4.4692,2020-07-14
2.582,72.8832,0.7396,11.5248,352.1596,3.362,2020-07-15
2.6828,72.8152,2.5572,12.4504,353.4068,3.36,2020-07-16
2.576,72.8876,2.196,13.118,353.058,3.0492,2020-07-17
2.9816,72.9024,3.3624,13.5928,346.9716,4.7288,2020-07-18
3.4008,72.682,5.9388,13.228,352.71,5.2308,2020-07-19
3.14,72.5068,4.8124,11.354,355.246,4.6496,2020-07-20
3.0616,72.7064,9.7132,10.7796,344.6348,5.1668,2020-07-21
2.6968,72.758,2.566,8.5808,342.7812,4.284,2020-07-22
2.2508,72.7428,2.002,9.8724,353.9148,3.3292,2020-07-23
2.6724,73.074,4.1576,11.5176,345.8164,3.3232,2020-07-24
2.532,73.2056,4.0684,12.4524,359.698,3.6492,2020-07-25
2.3736,73.1492,4.6116,12.9032,356.0728,3.9268,2020-07-26
2.9268,72.9272,3.1988,12.9084,355.894,4.1964,2020-07-27
3.1184,72.7716,10.2704,13.2528,350.1424,4.7404,2020-07-28
3.3268,72.8248,14.2788,12.712,346.4376,4.5548,2020-07-29
2.5408,72.9432,23.3192,11.8372,352.074,3.638,2020-07-30
2.3476,72.848,10.2236,12.7892,356.0984,3.7928,2020-07-31
3.0448,72.8176,1.8304,13.2172,352.0848,4.0972,2020-08-01
2.7168,72.658,0.1088,12.8652,343.0132,3.3896,2020-08-02
2.8492,72.4124,1.7204,13.4836,344.8876,4.2196,2020-08-03
2.2408,72.366,1.8668,12.7848,356.1724,3.65,2020-08-04
2.4132,72.5888,0.9248,12.1576,357.3668,3.9336,2020-08-05
2.564,72.8628,2.3288,13.1348,356.3792,4.414,2020-08-06
2.4112,72.954,0.8152,12.9492,361.7588,3.3392,2020-08-07
2.4608,72.7408,2.1996,14.1276,356.3024,4.23,2020-08-08
3.046,72.6756,5.5364,14.3136,350.1708,4.9768,2020-08-09
3.1496,72.7716,5.4744,13.2048,356.5428,3.7208,2020-08-10
2.792,72.7056,8.834,13.3848,356.53,3.316,2020-08-11
3.172,72.5992,5.1936,14.3884,355.8324,4.7228,2020-08-12
2.7724,72.6596,15.5784,12.744,347.6432,4.7068,2020-08-13
2.0008,72.6376,5.05,12.6872,349.7796,2.9536,2020-08-14
2.4764,72.5952,3.7068,13.0088,352.2352,3.9644,2020-08-15
2.7012,72.6732,3.0012,13.1172,350.4172,2.4624,2020-08-16
2.3372,72.7416,2.582,13.442,353.6132,3.4872,2020-08-17
2.8,72.7036,7.3412,13.7816,347.104,4.3488,2020-08-18
2.6484,72.6536,12.6216,12.5184,345.6084,3.5052,2020-08-19
2.5504,72.8488,16.5956,11.318,349.7456,3.8748,2020-08-20
2.3624,73.0008,7.8272,11.4512,351.9128,3.748,2020-08-21
2.3708,72.9396,5.7076,11.7812,349.9572,3.3556,2020-08-22
2.3012,72.874,1.194,11.3212,344.8812,2.778,2020-08-23
2.5828,72.9096,0.9304,12.4724,349.2404,3.354,2020-08-24
2.2504,73.022,1.3984,12.4176,347.4832,3.1324,2020-08-25
2.5732,73.0572,3.988,12.6504,349.6076,4.1336,2020-08-26
2.4824,72.9556,2.7048,11.9352,347.8884,4.0656,2020-08-27
2.7068,72.8116,6.5012,11.9476,345.9208,4.4804,2020-08-28
2.7152,72.8524,3.7308,12.046,341.6184,4.1984,2020-08-29
3.066,72.9656,1.1992,11.52,340.0124,3.8564,2020-08-30
2.4664,73.0968,0.0516,10.4108,325.296,3.836,2020-08-31
2.3344,73.1224,0.0004,10.264,324.3556,3.256,2020-09-01
1.9588,73.2604,0.1764,12.2004,339.144,3.3632,2020-09-02
2.6012,73.332,0.2976,11.9788,344.2544,4.294,2020-09-03
2.2824,73.2316,0.0324,11.8528,330.48,3.8796,2020-09-04
2.3592,73.0392,0.856,10.926,329.8996,4.6588,2020-09-05
2.556,72.9576,1.956,11.5052,338.6988,4.462,2020-09-06
2.6404,73.0044,0.2732,11.0576,326.4556,4.5132,2020-09-07
2.2124,73.0528,1.124,10.3464,320.8704,3.9632,2020-09-08
2.2372,73.0624,0.134,9.394,307.2468,4.148,2020-09-09
2.3276,72.8472,0.0,7.0844,308.2728,4.2632,2020-09-10
2.2384,72.9116,0.0,4.9392,309.0732,3.8,2020-09-11
2.202,73.1204,0.1996,5.0504,311.0436,3.878,2020-09-12
2.2068,73.13,0.764,7.7272,317.3912,4.2604,2020-09-13
2.5036,73.0312,1.0128,10.0732,326.3372,4.5376,2020-09-14
2.5712,72.9712,2.5568,9.1732,329.632,5.008,2020-09-15
2.4104,72.9772,0.3464,10.15,334.1604,4.8128,2020-09-16
2.638,72.926,0.0316,10.4052,327.588,5.124,2020-09-17
2.7296,72.8972,0.016,9.5076,316.68,5.5116,2020-09-18
2.3432,72.898,0.0184,6.2876,305.4768,4.0252,2020-09-19
2.1324,72.8436,0.0,4.752,291.4144,3.9424,2020-09-20
2.1312,72.806,0.4084,5.2172,298.2588,4.016,2020-09-21
2.3532,72.8528,2.818,7.5348,314.1648,4.226,2020-09-22
2.5992,72.804,2.2944,9.2724,325.8596,4.912,2020-09-23
2.4276,72.8484,1.0868,8.332,324.5304,4.5428,2020-09-24
2.6804,72.7804,0.3392,4.7364,292.1712,4.9708,2020-09-25
3.0336,72.7848,0.0244,2.6304,284.1412,4.754,2020-09-26
2.5372,72.958,0.0,1.2756,287.984,4.5076,2020-09-27
2.442,73.0568,0.0,2.3788,267.6364,4.2372,2020-09-28
2.5172,72.9924,0.0,1.7588,266.9112,4.4264,2020-09-29
2.5388,72.9264,0.0,2.09,265.4044,4.2404,2020-09-30
2.5224,72.9168,0.0,2.4916,264.736,4.56,2020-10-01
2.412,72.9984,0.0,2.6108,261.8576,4.47,2020-10-02
2.4604,73.0468,0.0,3.0788,263.3952,4.3112,2020-10-03
2.4196,73.1012,0.0,3.2344,256.2728,4.6312,2020-10-04
2.4284,73.0512,0.0,1.918,251.5948,4.9576,2020-10-05
2.2408,73.1116,0.0,0.43,255.242,4.4876,2020-10-06
2.4916,73.2196,0.0,-0.266,261.7876,5.1372,2020-10-07
2.5048,73.248,0.0,-0.3856,259.4848,4.9152,2020-10-08
2.4964,73.2876,0.0,-1.09,257.3156,4.3216,2020-10-09
2.5092,73.1896,0.0,-2.2304,260.9412,4.2852,2020-10-10
2.4036,73.07,0.0,0.1672,260.534,4.4932,2020-10-11
2.562,72.9792,0.0336,2.0452,261.0744,4.3252,2020-10-12
2.8012,73.0612,0.0292,2.914,263.7968,4.5256,2020-10-13
2.4748,73.1192,0.0,0.9668,258.5644,4.1696,2020-10-14
2.3688,73.1516,0.0,-0.296,256.8828,4.0796,2020-10-15
2.5624,73.1104,0.0,-2.1388,252.426,4.6144,2020-10-16
2.3984,73.1412,0.0,-3.012,253.6912,4.518,2020-10-17
2.7552,73.0856,0.0,-2.4076,249.9884,5.1548,2020-10-18
2.3116,73.0092,0.0004,-1.4796,249.8772,4.5756,2020-10-19
2.3792,72.9812,0.0,-1.15,239.7592,3.962,2020-10-20
2.5732,73.0416,0.0,-2.672,243.5996,4.2604,2020-10-21
2.7488,72.9124,0.1136,-0.5812,261.6768,3.5836,2020-10-22
2.7824,72.8988,0.0088,-0.93,246.1048,4.604,2020-10-23
2.8436,72.9528,0.0,-4.2764,239.1144,4.4852,2020-10-24
3.048,73.1096,0.0008,-5.764,232.414,5.0548,2020-10-25
2.822,73.0896,0.0016,-5.5436,235.2664,4.8772,2020-10-26
2.3788,73.1364,0.0,-6.5196,224.9448,3.8804,2020-10-27
2.4148,73.2252,0.0,-5.294,231.6532,4.426,2020-10-28
3.046,73.3032,0.0092,-3.89,235.0688,4.8028,2020-10-29
3.2892,73.2772,0.0064,-4.6176,239.8624,4.8096,2020-10-30
2.9388,73.2792,0.0,-2.144,247.8852,4.572,2020-10-31
3.0244,73.298,0.0076,-1.2668,266.5996,5.032,2020-11-01
2.8636,73.284,0.0792,-1.5832,261.238,4.384,2020-11-02
2.5628,73.2008,0.0104,-3.9616,252.4764,3.9796,2020-11-03
2.6248,73.0368,0.0,-3.9924,240.18,4.858,2020-11-04
2.5356,73.1572,0.0,-4.8488,226.4928,5.23,2020-11-05
2.5688,73.3768,0.0,-8.694,222.0276,5.1632,2020-11-06
2.1396,73.478,0.0,-10.7544,225.5328,3.4628,2020-11-07
2.0372,73.564,0.0,-11.4644,227.0668,3.3752,2020-11-08
2.122,73.4312,0.0,-9.818,229.5988,3.4848,2020-11-09
2.3484,73.4032,0.0,-7.0952,240.6412,3.848,2020-11-10
2.4388,73.5028,0.0,-7.774,242.9368,3.8948,2020-11-11
2.3256,73.57,0.0,-10.1316,230.5444,3.8848,2020-11-12
2.2448,73.45,0.0,-9.948,230.5608,3.9456,2020-11-13
2.37,73.3232,0.0,-8.9832,235.6544,4.3412,2020-11-14
3.4484,73.2868,1.7684,-5.9784,262.3468,5.9628,2020-11-15
3.3808,73.1632,2.8352,-3.5712,268.4096,5.854,2020-11-16
2.5244,73.0128,0.0484,-8.5648,230.3428,4.418,2020-11-17
2.724,72.9248,0.0,-9.8252,228.3392,4.6504,2020-11-18
3.4452,72.8604,0.0,-8.182,227.1804,5.6056,2020-11-19
2.9216,72.9184,0.0,-8.3984,211.8864,5.138,2020-11-20
2.8832,72.8456,0.0,-11.0116,212.4652,4.812,2020-11-21
2.6444,73.012,0.0,-13.1796,225.586,5.2192,2020-11-22
2.766,73.1168,0.1444,-9.2532,264.1416,4.2392,2020-11-23
2.8984,73.1,0.0988,-7.7036,255.6192,3.8588,2020-11-24
3.1108,73.17,1.1924,-6.262,274.9924,4.4284,2020-11-25
3.4072,73.2484,1.0848,-5.088,274.1816,5.5648,2020-11-26
2.3348,73.4912,0.0008,-8.8868,235.9668,3.628,2020-11-27
2.2768,73.5308,0.0,-10.6924,234.6924,3.8072,2020-11-28
2.1424,73.4156,0.0,-7.452,253.6152,4.65,2020-11-29
2.2512,73.3212,0.0,-6.6208,245.7596,4.1264,2020-11-30
2.2224,73.3508,0.0,-7.0464,245.0404,4.2552,2020-12-01
2.3636,73.1408,0.0,-8.7356,236.7096,5.0924,2020-12-02
2.2644,73.0684,0.0,-9.6792,232.5512,4.0892,2020-12-03
2.4532,72.9612,0.0,-9.0784,238.29,4.9084,2020-12-04
2.6908,73.0104,0.0,-7.6408,239.0768,4.7972,2020-12-05
2.7172,73.1844,0.0,-8.0312,243.962,5.0296,2020-12-06
2.4452,73.2748,0.0,-9.1064,242.062,4.8784,2020-12-07
2.6416,73.342,0.0052,-6.8376,254.3796,4.7848,2020-12-08
2.946,73.1848,0.0144,-7.5548,258.5728,5.422,2020-12-09
2.9848,73.0992,0.0056,-7.548,250.3184,4.2828,2020-12-10
2.8756,73.0904,0.4824,-8.242,249.1388,4.4644,2020-12-11
3.2868,72.9764,6.0216,-5.5744,270.006,4.8384,2020-12-12
2.982,72.8492,0.0924,-9.8624,227.99,4.3016,2020-12-13
2.9928,72.9116,0.0,-13.2488,217.3104,4.3812,2020-12-14
3.3556,72.9976,0.0,-12.0864,217.3328,4.4152,2020-12-15
3.6384,73.046,0.0,-10.4596,209.5036,4.2624,2020-12-16
3.1904,72.9824,0.0,-15.6228,208.2428,4.5168,2020-12-17
3.0132,72.936,0.0,-17.2008,214.676,5.3864,2020-12-18
2.4304,73.116,0.0,-16.9584,217.6084,4.388,2020-12-19
2.3572,73.2984,0.0,-14.4132,232.0068,4.2168,2020-12-20
2.3904,73.1664,0.0,-12.9144,248.8608,4.0348,2020-12-21
2.6372,73.0636,0.0,-13.7176,226.344,4.5612,2020-12-22
2.6344,72.9756,0.0,-14.4284,221.2468,4.86,2020-12-23
2.6556,72.9084,0.0,-14.0468,211.4368,4.6144,2020-12-24
2.5252,72.9792,0.0,-15.9232,203.7244,4.3536,2020-12-25
2.894,73.0196,0.0,-16.902,217.5708,4.686,2020-12-26
3.5108,72.7988,0.106,-16.7368,218.1792,5.6392,2020-12-27
4.0488,72.7076,0.6304,-9.822,231.2628,5.694,2020-12-28
3.4836,72.8324,0.0,-15.0604,198.918,5.4056,2020-12-29
2.9748,72.9804,0.0,-16.8004,209.9848,4.6168,2020-12-30
2.4088,73.1156,0.0044,-17.776,213.1696,4.404,2020-12-31
2.4572,73.1468,0.0,-16.8604,220.4168,3.7196,2021-01-01
2.4904,73.1396,0.3756,-12.2148,262.9472,3.8676,2021-01-02
2.8752,73.1268,7.8316,-3.5332,295.87,4.5144,2021-01-03
2.4936,73.2384,1.1392,-3.9464,284.6028,4.2848,2021-01-04
3.166,73.1624,4.8976,-3.2564,295.6676,4.896,2021-01-05
3.3848,73.02,6.044,-3.664,283.9988,6.3628,2021-01-06
2.6276,72.942,0.0084,-11.9016,236.9128,3.922,2021-01-07
3.5604,72.932,0.0012,-13.352,249.5452,4.1028,2021-01-08
3.588,73.0268,0.038,-9.9096,239.4016,3.8852,2021-01-09
2.9704,73.0068,0.0,-15.0172,236.4896,4.124,2021-01-10
2.8368,73.0056,0.0,-16.0664,230.0568,4.1412,2021-01-11
2.6232,73.0124,0.0,-15.8212,229.2468,3.91,2021-01-12
2.29,72.972,0.0,-14.8396,222.3176,3.176,2021-01-13
2.0552,73.0816,0.0,-13.57,242.9648,3.1896,2021-01-14
2.2396,72.9984,0.0,-10.5592,249.2056,3.952,2021-01-15
2.2336,72.8932,0.0,-13.358,223.6676,3.1364,2021-01-16
2.2572,73.0956,0.0,-12.8064,239.9604,4.1572,2021-01-17
2.6756,73.0788,0.0,-12.0016,235.4076,4.2428,2021-01-18
2.8408,72.7772,0.0,-8.7104,228.03,4.7696,2021-01-19
3.0264,72.6836,0.0,-13.7416,218.6916,6.1332,2021-01-20
2.9824,72.8304,0.0,-14.8872,222.4836,4.568,2021-01-21
3.0288,72.9768,0.0,-12.6424,252.856,4.4892,2021-01-22
4.1652,72.7468,0.0784,-10.8536,240.3196,5.0304,2021-01-23
2.7712,72.7872,0.0332,-11.1896,228.0224,4.7584,2021-01-24
2.6372,72.9212,0.0,-14.6112,212.364,4.6968,2021-01-25
2.4532,72.8856,0.0,-16.8088,213.1032,4.6792,2021-01-26
2.822,72.9344,0.0,-17.2828,213.4252,4.8196,2021-01-27
2.778,72.9308,0.0,-15.564,212.1344,5.3724,2021-01-28
2.5064,72.8232,0.0,-14.238,206.7484,4.52,2021-01-29
2.6828,72.8052,0.0,-15.306,203.336,4.3628,2021-01-30
2.4104,72.9612,0.0,-14.2744,212.3064,5.066,2021-01-31
2.9904,73.1292,0.0,-12.5016,219.8696,5.5976,2021-02-01
2.7344,73.096,0.0,-14.2248,219.1016,5.4944,2021-02-02
2.7956,73.0444,0.3364,-11.3548,245.5492,5.176,2021-02-03
3.2052,73.0052,6.2596,-6.98,275.3848,5.1884,2021-02-04
2.4848,72.8192,0.972,-8.5732,252.9864,4.8492,2021-02-05
2.8696,72.8688,0.1296,-11.8056,216.9348,3.9368,2021-02-06
2.616,73.1628,0.0104,-12.8504,220.7076,4.2184,2021-02-07
2.3532,73.2788,0.0,-11.348,234.5008,3.6284,2021-02-08
2.7088,73.0856,0.0,-9.45,249.0528,5.7916,2021-02-09
2.404,72.95,0.0,-8.3484,244.2468,4.4008,2021-02-10
2.698,72.9968,0.0,-9.9696,231.6348,5.1408,2021-02-11
2.2448,73.0548,0.0,-9.6304,234.5696,4.0504,2021-02-12
2.1148,73.0684,0.0,-8.7768,245.848,4.1264,2021-02-13
2.188,72.9724,0.0,-8.1092,248.5428,3.9796,2021-02-14
2.5512,72.8676,0.0016,-9.1744,238.1836,4.6328,2021-02-15
2.3928,72.8364,0.0056,-10.1416,230.9328,3.8648,2021-02-16
2.0248,72.9188,0.0,-9.2744,236.7448,3.074,2021-02-17
1.7892,73.1148,0.004,-8.5504,243.3572,2.8592,2021-02-18
2.5332,73.2832,0.0,-10.9924,227.1684,4.3428,2021-02-19
2.3968,73.3552,0.0,-9.1496,239.1336,4.0216,2021-02-20
2.5076,73.3,0.0,-5.962,250.4944,4.2752,2021-02-21
2.836,73.2276,0.0,-5.73,261.7892,5.8024,2021-02-22
3.5424,73.0644,0.0212,-6.0008,266.966,7.072,2021-02-23
3.5804,72.9576,0.0004,-8.8608,246.5548,6.6788,2021-02-24
3.472,72.8688,0.0,-9.406,247.2904,6.0104,2021-02-25
3.6164,72.7168,0.1776,-7.81,249.35,6.7644,2021-02-26
4.37,72.6464,2.5248,-3.0036,282.3024,5.724,2021-02-27
3.632,72.7784,0.0072,-8.6056,245.2392,4.9464,2021-02-28
3.664,72.9376,0.0,-13.2552,222.6056,6.4604,2021-03-01
3.0388,72.994,0.0,-11.97,228.8968,5.2496,2021-03-02
3.4952,72.928,0.0,-9.4996,242.7948,7.1364,2021-03-03
3.254,72.946,0.0,-10.8444,239.33,6.1588,2021-03-04
3.5796,72.8068,0.0,-11.398,234.1076,6.1052,2021-03-05
3.2212,72.8916,0.0056,-10.488,238.9364,5.486,2021-03-06
3.5032,72.988,0.904,-5.1572,297.9692,6.8336,2021-03-07
3.5988,73.1028,2.5696,-3.4744,291.5252,6.1564,2021-03-08
2.7428,73.172,0.0076,-6.6512,255.1232,4.8856,2021-03-09
3.1624,73.1176,0.1292,-5.9212,270.4288,5.9984,2021-03-10
2.544,73.2168,0.004,-6.224,248.3608,4.5036,2021-03-11
2.9992,73.4192,0.0624,-5.7648,266.7048,6.6344,2021-03-12
2.0884,73.332,0.008,-5.1992,259.2432,3.7512,2021-03-13
2.8684,73.1032,0.0,-7.6176,251.2404,5.3884,2021-03-14
3.0476,73.036,0.0,-7.882,256.3464,5.778,2021-03-15
3.256,73.0144,0.0,-6.7732,264.1212,5.8056,2021-03-16
3.5464,72.9568,0.0004,-6.246,265.6052,6.0676,2021-03-17
3.1852,73.036,0.0,-8.0196,261.4672,5.5768,2021-03-18
2.6524,73.0392,0.0008,-7.0784,260.79,5.2216,2021-03-19
2.5168,72.8592,0.0032,-6.5368,258.2048,4.252,2021-03-20
2.7572,72.9152,0.0516,-5.9764,252.6368,4.8932,2021-03-21
3.1964,73.1704,1.3544,-4.4276,273.3936,5.354,2021-03-22
2.8476,73.2488,0.4136,-4.4328,289.8724,4.1552,2021-03-23
3.4096,73.1072,0.2024,-5.882,274.5604,6.0892,2021-03-24
3.3644,72.972,0.0336,-8.8132,247.212,5.9372,2021-03-25
2.508,73.056,0.0024,-10.2424,250.0552,3.8224,2021-03-26
2.7564,73.0384,0.0,-6.654,264.0088,4.8884,2021-03-27
3.2904,72.9168,0.016,-2.372,275.9976,5.9944,2021-03-28
4.932,72.7972,0.1,-2.7692,293.9856,7.892,2021-03-29
4.6768,72.4224,0.0004,-6.8576,272.9608,6.4764,2021-03-30
5.2976,72.2388,0.0,-12.16,244.9608,8.5652,2021-03-31
5.1432,72.2196,0.0008,-16.8704,225.9812,8.8312,2021-04-01
5.1012,72.488,0.0,-17.1104,232.5608,7.582,2021-04-02
3.8984,72.754,0.0,-18.0572,220.6824,6.546,2021-04-03
3.2332,72.9724,0.0,-14.0128,241.1256,5.7132,2021-04-04
4.0996,73.0624,0.02,-6.5836,295.1404,6.4948,2021-04-05
4.054,73.0696,0.4448,-4.412,295.0016,6.2204,2021-04-06
4.8812,73.0772,1.1344,-4.1096,300.4044,6.4136,2021-04-07
4.0716,72.9528,0.004,-7.4392,265.8148,6.1756,2021-04-08
3.8592,72.9692,0.0,-11.7788,249.6992,6.294,2021-04-09
3.4788,73.1276,0.0,-11.5632,252.3024,5.6564,2021-04-10
3.3348,73.1872,0.0,-9.8788,257.6308,5.7548,2021-04-11
3.9156,73.2052,0.0,-5.6008,287.5684,7.6184,2021-04-12
3.1384,73.1184,0.0,-7.496,268.0244,4.6944,2021-04-13
3.6256,73.0576,0.0004,-3.7992,281.892,6.8112,2021-04-14
3.2708,73.0148,0.0004,-2.984,285.8324,5.2744,2021-04-15
3.2324,72.9824,0.228,-4.5632,275.4476,5.8804,2021-04-16
4.8476,73.0332,6.1812,-0.5192,302.822,6.6888,2021-04-17
3.6604,73.056,2.3048,-2.9516,280.496,6.2544,2021-04-18
4.2428,72.8092,0.0848,-6.5552,250.2148,7.032,2021-04-19
3.554,72.8436,0.9796,-6.2452,292.5768,6.454,2021-04-20
5.6108,72.9,15.5724,0.922,316.3376,6.1196,2021-04-21
3.2876,72.9732,9.7368,-0.6064,298.0208,4.5908,2021-04-22
4.034,72.9496,7.1288,-2.2036,303.3236,7.0584,2021-04-23
2.776,72.9392,1.5824,-2.8012,285.548,4.6308,2021-04-24
2.5596,73.126,0.026,-6.5148,258.2656,4.38,2021-04-25
2.8548,73.112,0.0,-5.044,259.0396,4.0828,2021-04-26
2.716,73.1116,0.0,-2.2428,277.22,4.3856,2021-04-27
2.8188,73.208,0.0228,-0.3088,279.8144,5.318,2021-04-28
3.0812,73.1804,1.7112,0.8712,298.2112,5.43,2021-04-29
2.718,73.1448,0.8196,0.5236,293.8808,4.6624,2021-04-30
2.4772,73.1252,0.258,1.3276,294.828,4.4916,2021-05-01
2.3956,73.1652,3.4428,2.4412,309.1716,2.9456,2021-05-02
2.2192,72.9988,1.1904,2.6564,313.4664,3.768,2021-05-03
2.536,72.9416,3.8008,2.6888,321.39,3.9524,2021-05-04
2.7828,72.9824,3.6512,3.4476,320.0,4.4148,2021-05-05
2.9772,73.0676,4.0632,3.3656,311.9344,4.9204,2021-05-06
3.2784,73.1656,1.4504,2.9108,313.412,4.7272,2021-05-07
2.7592,73.0412,2.5032,2.872,310.0824,3.6284,2021-05-08
2.9232,72.9104,0.832,3.6504,313.5024,4.79,2021-05-09
2.1608,72.8616,0.9008,3.6324,315.9516,3.6204,2021-05-10
2.4552,72.8072,1.3508,3.9036,322.7216,3.9232,2021-05-11
3.542,72.626,5.2172,3.3384,317.2688,5.6552,2021-05-12
3.2372,72.66,7.09,3.4524,306.5556,5.5364,2021-05-13
3.2416,72.6684,0.2092,1.3864,276.8256,5.4932,2021-05-14
3.4132,72.8676,0.0472,0.6828,301.6732,5.4132,2021-05-15
3.0752,73.0472,0.0016,0.2636,274.4092,5.724,2021-05-16
3.0304,73.104,0.004,1.186,306.986,4.8216,2021-05-17
2.6136,73.028,0.8684,2.6568,336.056,5.1916,2021-05-18
2.9196,72.834,25.6088,5.6464,336.2036,5.5996,2021-05-19
4.0792,72.6048,53.8808,7.7352,339.7692,7.0984,2021-05-20
2.6196,72.862,0.8096,3.3656,321.562,3.9756,2021-05-21
2.632,72.8712,0.1572,1.8912,301.0424,4.9168,2021-05-22
2.8596,72.9116,0.518,2.4036,298.0724,4.7128,2021-05-23
3.1752,72.8292,0.2468,2.8484,291.9232,4.1436,2021-05-24
3.1148,72.7248,0.226,2.346,276.5316,4.4516,2021-05-25
2.6688,72.6656,0.0292,1.0104,277.3956,4.152,2021-05-26
2.3976,72.7452,0.0124,0.9512,293.318,3.5856,2021-05-27
2.778,72.9128,2.4316,3.644,323.0716,4.3016,2021-05-28
2.9412,72.9936,4.1928,8.3952,339.0312,4.7712,2021-05-29
2.656,72.8968,1.4688,8.45,327.754,4.8056,2021-05-30
3.0268,72.6772,5.4772,7.3396,328.3132,4.9684,2021-05-31
2.9956,72.8204,3.0884,5.0428,324.5228,4.4156,2021-06-01
2.6652,72.8732,0.598,4.5184,310.8028,3.5496,2021-06-02
3.0352,73.0192,0.1416,5.5376,308.714,4.6428,2021-06-03
3.15,73.0488,0.5924,4.7068,316.2044,4.5552,2021-06-04
2.8704,72.9824,0.6976,6.0896,332.186,4.1956,2021-06-05
2.6648,72.9256,1.3844,7.14,334.4572,4.4548,2021-06-06
2.756,72.7572,0.8072,7.2488,332.6492,4.5192,2021-06-07
3.4376,72.7168,0.0208,5.2872,324.4984,5.8968,2021-06-08
2.4496,72.7152,2.2244,6.2732,337.7024,4.3832,2021-06-09
2.402,72.6504,12.746,10.39,341.318,3.8788,2021-06-10
2.3932,72.5592,6.324,9.3512,335.4972,3.0416,2021-06-11
2.3964,72.646,8.2164,9.858,339.7912,3.9796,2021-06-12
2.9452,72.646,2.98,9.9796,333.4748,4.4832,2021-06-13
3.2696,72.486,5.6948,9.296,338.6748,5.7648,2021-06-14
3.0096,72.3156,7.3196,7.0104,332.948,5.4148,2021-06-15
2.9744,72.522,6.7748,7.5196,352.7888,5.1904,2021-06-16
2.7736,72.6532,8.1036,8.74,350.6,4.5052,2021-06-17
2.8016,72.7164,31.578,9.9592,354.4528,4.7172,2021-06-18
2.492,72.6836,30.56,9.7856,358.7564,4.1764,2021-06-19
2.5656,72.7136,5.6744,8.6928,351.0912,4.6136,2021-06-20
2.756,72.7896,0.4316,8.6404,329.6608,4.4256,2021-06-21
2.872,72.838,0.198,7.5984,338.7304,4.8764,2021-06-22
2.8436,72.9136,0.6996,7.2964,342.6928,4.696,2021-06-23
2.4712,72.8228,0.566,5.8064,323.8624,3.8748,2021-06-24
2.6768,72.7432,3.5248,6.2224,321.942,4.5536,2021-06-25
2.66,72.8712,1.0676,6.5496,336.4744,4.4464,2021-06-26
2.362,73.086,0.7716,8.3312,327.4788,3.9908,2021-06-27
2.4804,73.0148,0.074,10.2036,331.5924,4.0188,2021-06-28
3.0292,72.7708,0.0,8.7224,328.4612,5.3616,2021-06-29
3.3228,72.6012,0.0036,9.1996,332.4268,4.8752,2021-06-30
3.1776,72.5308,0.08,9.3592,341.7576,4.836,2021-07-01
2.9464,72.6096,1.4312,7.6304,346.4316,4.8616,2021-07-02
3.0904,72.7332,0.4088,8.4012,352.0108,5.4364,2021-07-03
2.6832,72.8752,1.9552,8.156,344.2704,4.2,2021-07-04
2.6368,72.9396,0.2152,10.3564,335.2392,4.384,2021-07-05
2.8108,72.8228,0.0464,10.0596,336.6924,4.984,2021-07-06
3.1148,72.762,0.0504,9.308,339.4728,5.2132,2021-07-07
2.7588,72.838,0.9388,10.4308,349.6764,4.5056,2021-07-08
2.4392,72.8484,1.7948,11.3812,360.5756,3.7352,2021-07-09
2.4244,72.854,1.3096,12.0432,358.8568,3.7148,2021-07-10
2.7832,72.976,5.5092,12.5628,356.2248,4.422,2021-07-11
2.9964,73.0664,6.3848,11.9128,351.8956,3.5536,2021-07-12
3.0136,72.9804,8.6272,12.1416,352.6976,4.624,2021-07-13
2.6384,72.9636,2.8752,11.6068,351.7952,4.2532,2021-07-14
2.6464,73.0432,1.116,11.8028,343.5696,3.7248,2021-07-15
2.3924,73.136,1.1644,12.17,349.7616,3.728,2021-07-16
2.6176,72.8968,6.0652,13.1536,358.264,3.7508,2021-07-17
2.558,72.7364,20.5016,13.8468,358.3048,3.8976,2021-07-18
2.6244,72.6512,27.5948,13.2292,352.7664,3.6488,2021-07-19
2.7472,72.6036,19.04,13.1188,351.7572,4.3288,2021-07-20
2.6732,72.5284,15.0956,12.9592,357.8736,3.956,2021-07-21
2.7696,72.5128,21.05,13.1584,357.2128,3.4492,2021-07-22
2.2056,72.6612,5.5944,12.9836,349.1056,4.2048,2021-07-23
2.2956,72.746,3.0236,13.2488,363.7568,3.8272,2021-07-24
2.1936,72.712,4.4396,14.308,363.812,3.4096,2021-07-25
2.4944,72.5416,5.4528,14.18,365.8372,3.6044,2021-07-26
3.2936,72.39,9.2588,12.1196,357.8388,5.51,2021-07-27
1.9088,72.488,18.4684,12.6552,352.256,3.2,2021-07-28
1.8172,72.532,12.9564,12.516,360.8488,2.9332,2021-07-29
2.202,72.6576,4.682,12.6,361.4148,3.6928,2021-07-30
2.4984,72.6856,0.7292,12.7192,356.0108,3.6452,2021-07-31
2.9896,72.5568,1.376,13.0712,354.6644,5.4324,2021-08-01
2.5992,72.6716,3.8184,12.9656,356.656,3.9936,2021-08-02
2.4344,72.7864,3.6968,12.6588,352.8952,3.9436,2021-08-03
2.3916,72.808,2.4228,12.4332,349.6616,3.6956,2021-08-04
2.3708,72.7416,1.3832,12.4272,356.032,4.2132,2021-08-05
2.526,72.7492,0.8072,12.3856,352.7628,4.6672,2021-08-06
2.4396,72.868,3.0704,12.67,347.4584,4.2892,2021-08-07
2.6296,72.9648,5.7132,12.8324,352.7332,4.824,2021-08-08
2.514,72.946,8.958,12.7952,352.7648,4.4952,2021-08-09
2.5864,72.7856,5.5008,11.966,345.9808,4.4908,2021-08-10
2.7652,72.7996,0.8496,11.5468,335.6032,4.0604,2021-08-11
2.5768,72.9244,5.5792,11.314,340.1476,3.798,2021-08-12
2.772,72.7908,5.1868,11.5916,347.9116,4.9632,2021-08-13
3.0584,72.6228,2.1304,11.4676,346.0944,5.2184,2021-08-14
3.076,72.7296,2.084,10.4556,337.8676,4.882,2021-08-15
2.6196,72.9676,5.0724,9.7628,319.2572,3.7632,2021-08-16
2.4384,72.9904,0.5548,9.524,319.2096,4.144,2021-08-17
2.1304,72.882,1.9516,9.0392,330.6088,3.5672,2021-08-18
2.0424,72.8824,4.9472,10.9316,344.4968,3.734,2021-08-19
2.312,73.0248,30.0856,12.4388,348.732,4.5376,2021-08-20
2.3948,73.1808,9.0552,11.9028,347.334,5.2524,2021-08-21
2.2348,73.0964,0.844,12.0504,343.596,3.5352,2021-08-22
2.7528,72.8708,1.1188,12.6028,345.896,3.9104,2021-08-23
2.5412,72.7872,2.6624,13.2092,349.8196,3.3664,2021-08-24
2.792,72.5896,4.6252,13.036,349.6712,4.3492,2021-08-25
2.824,72.5528,2.2988,12.2152,345.742,4.1084,2021-08-26
3.0612,72.7348,13.0748,12.7284,346.2056,4.2596,2021-08-27
3.028,72.7672,6.9196,11.0948,343.5456,4.6972,2021-08-28
2.7188,72.8432,4.8236,9.2836,338.0452,4.5692,2021-08-29
2.4356,73.08,5.7028,9.5072,321.6696,4.4748,2021-08-30
2.3888,73.2204,1.5336,9.486,328.0308,4.2544,2021-08-31
2.1396,73.1944,3.224,9.9192,345.296,4.0332,2021-09-01
2.2108,73.0416,2.132,10.4532,343.4144,4.7468,2021-09-02
2.3928,72.9552,1.604,9.348,333.688,4.666,2021-09-03
2.0052,72.894,1.6784,10.4836,338.8764,3.6532,2021-09-04
1.9028,72.946,1.9148,11.144,333.416,3.2892,2021-09-05
2.1444,73.0912,2.6268,11.9704,343.3752,3.7384,2021-09-06
2.6108,73.1964,5.4308,12.1876,340.1596,3.1324,2021-09-07
2.1392,73.1124,4.3676,10.7724,350.5776,2.8228,2021-09-08
2.0696,72.9988,10.3356,11.3188,346.7492,3.1012,2021-09-09
2.5252,73.016,7.0976,10.8712,338.1372,3.2988,2021-09-10
2.4136,73.0348,5.0552,10.0168,337.3888,3.5928,2021-09-11
2.1796,72.848,3.1672,9.7632,347.0648,4.0324,2021-09-12
2.534,72.874,7.9076,9.5052,345.9132,4.352,2021-09-13
2.186,73.0384,1.1804,9.3596,350.0924,2.8396,2021-09-14
2.1472,73.1024,1.1872,10.1456,327.2724,3.7508,2021-09-15
2.152,72.9452,2.8276,10.1388,326.7172,4.0672,2021-09-16
2.2144,72.9076,0.7264,8.6596,334.8372,3.5112,2021-09-17
2.1864,73.112,0.0068,9.1556,320.6072,2.8772,2021-09-18
2.162,73.2492,0.6608,11.7344,329.798,3.4628,2021-09-19
2.5772,73.1588,1.1976,11.7844,332.1008,3.8116,2021-09-20
2.7412,73.012,3.0064,10.6872,338.4712,4.2272,2021-09-21
2.3572,72.9668,3.56,9.9788,340.8568,4.0532,2021-09-22
2.2,73.096,6.0844,9.4248,342.3076,3.1632,2021-09-23
2.2372,73.1696,2.5768,9.4132,342.5664,4.1036,2021-09-24
2.068,73.0636,1.3204,9.17,323.6696,3.8712,2021-09-25
1.946,73.0764,0.3052,9.0456,320.8412,3.138,2021-09-26
2.0608,73.1516,0.0712,9.0756,312.6184,3.394,2021-09-27
2.1856,73.2348,0.5496,10.1444,322.2576,3.2036,2021-09-28
1.906,73.2824,1.7852,8.6728,321.1916,3.3564,2021-09-29
1.9184,73.3228,5.3544,9.556,327.1744,3.1652,2021-09-30
2.3376,73.2272,1.9196,10.2992,329.978,4.2592,2021-10-01
2.6524,73.1032,0.1616,9.2452,322.5284,4.132,2021-10-02
2.8688,72.9344,0.2628,8.4844,310.8888,4.1304,2021-10-03
2.6984,72.968,0.3736,6.464,310.1872,4.7612,2021-10-04
2.3024,73.172,0.3416,4.4976,299.0224,4.4268,2021-10-05
2.038,73.1372,0.0,4.2796,280.1524,3.3924,2021-10-06
2.1956,73.0228,0.0032,5.134,279.3456,4.1684,2021-10-07
2.3844,72.9304,0.004,4.1692,276.8228,4.5028,2021-10-08
2.6648,72.9504,0.0,1.8908,264.0052,5.2952,2021-10-09
2.2684,73.0336,0.0,0.7496,257.9952,3.8248,2021-10-10
2.678,73.0228,0.0,-0.3192,256.8004,4.3548,2021-10-11
2.74,73.0408,0.0,-0.5344,254.416,4.0932,2021-10-12
2.8272,73.0392,0.0,1.4984,255.7084,4.3164,2021-10-13
2.3748,73.0924,0.0,1.4148,248.4808,3.6428,2021-10-14
2.1232,73.0364,0.0,1.9472,255.7696,2.9812,2021-10-15
2.35,73.1004,0.0692,-0.1636,277.9292,3.6104,2021-10-16
2.1584,73.1752,7.63,3.6416,321.4232,3.904,2021-10-17
2.6896,72.9224,103.2452,7.0432,332.9416,4.3612,2021-10-18
3.2468,72.9516,38.4612,8.1896,329.0348,5.7344,2021-10-19
1.6796,73.1892,23.7352,6.1048,300.0844,2.6628,2021-10-20
2.0048,73.1496,0.2156,2.1948,274.5464,3.0256,2021-10-21
2.172,73.1612,0.0232,0.1544,270.276,3.5852,2021-10-22
2.4316,73.2896,0.0148,-0.7872,267.3692,4.1964,2021-10-23
2.3676,73.3156,1.2736,-0.3868,279.5388,3.548,2021-10-24
2.1568,73.1932,0.1104,-0.6864,254.4532,3.2328,2021-10-25
2.2136,73.1192,0.0288,-3.7024,246.8012,3.014,2021-10-26
2.084,73.2188,0.0608,-3.9136,248.3588,3.232,2021-10-27
1.9912,73.35,0.0168,-3.1164,241.558,2.8064,2021-10-28
2.2072,73.444,0.0,-2.4488,243.9412,3.782,2021-10-29
2.1392,73.328,0.0,-3.0028,238.3284,3.2616,2021-10-30
1.9672,73.1608,0.0,-3.1588,242.2504,3.3636,2021-10-31
2.204,73.1428,0.2344,-3.6464,253.694,3.9164,2021-11-01
2.292,73.2416,0.1532,-5.3812,238.912,4.1748,2021-11-02
2.5044,73.174,0.0076,-4.7852,235.5748,3.7444,2021-11-03
2.2548,73.1064,0.0,-5.4512,229.636,4.046,2021-11-04
2.2492,73.0748,0.0,-4.8376,234.7504,3.436,2021-11-05
2.1384,72.9808,0.0,-4.3696,239.3016,3.4192,2021-11-06
2.0064,73.0104,0.0,-5.1804,241.9808,2.8416,2021-11-07
2.0368,73.1584,0.0,-6.3844,247.3332,3.1648,2021-11-08
1.9052,73.238,0.0,-5.5128,248.0372,3.1228,2021-11-09
1.9188,73.2268,0.0,-5.348,249.4428,3.536,2021-11-10
1.9364,73.1536,0.0,-5.7096,247.1936,3.4632,2021-11-11
2.006,73.192,0.0,-6.7932,243.6284,3.6952,2021-11-12
1.9368,73.1544,0.0,-6.8964,238.6872,3.2892,2021-11-13
2.4528,73.046,0.0,-7.39,243.6564,3.996,2021-11-14
2.2756,72.872,0.0,-8.996,237.9,3.7044,2021-11-15
1.9544,73.0276,0.0,-8.1872,234.5192,3.2764,2021-11-16
2.1988,73.296,0.0,-7.8904,247.3016,4.0272,2021-11-17
2.49,73.186,0.0,-7.2192,247.106,4.062,2021-11-18
2.4144,73.0156,0.0,-6.6164,252.82,3.806,2021-11-19
2.1648,73.0164,0.0004,-4.712,257.5636,3.6368,2021-11-20
2.3632,73.0584,0.0,-5.106,239.998,4.1688,2021-11-21
2.3436,72.95,0.0,-8.5676,230.5684,4.0368,2021-11-22
2.0256,72.914,0.0,-8.5888,230.016,3.9484,2021-11-23
2.2292,73.07,0.0,-7.0304,242.4232,4.3652,2021-11-24
1.9664,73.0588,0.0,-5.2172,238.8292,3.6352,2021-11-25
1.8044,73.0444,0.0,-5.9876,235.3432,3.2332,2021-11-26
2.1204,73.1672,0.0,-6.2212,233.5028,4.468,2021-11-27
2.0356,73.2648,0.0,-7.5216,228.8384,3.4368,2021-11-28
2.1392,73.2916,0.0,-8.6312,226.1152,3.5124,2021-11-29
2.1644,73.2992,0.0,-9.6632,226.5792,3.6396,2021-11-30
1.502,73.3836,0.0004,-7.4288,267.264,2.4184,2021-12-01
1.6036,73.3732,2.6744,-2.5812,285.7936,2.3684,2021-12-02
2.3892,73.3632,4.5404,0.7204,295.046,3.9164,2021-12-03
2.1448,73.32,0.0288,-1.614,255.606,2.9188,2021-12-04
2.9688,73.266,0.3136,-2.7096,268.4672,4.4812,2021-12-05
2.96,73.0152,2.1636,-2.5436,270.9936,6.4784,2021-12-06
2.2744,73.1344,0.1528,-7.832,229.674,3.8972,2021-12-07
2.3768,73.2316,0.0104,-8.4632,233.854,4.53,2021-12-08
2.0912,73.3208,0.0,-8.5628,222.3104,3.5664,2021-12-09
2.2188,73.2524,0.0,-10.2472,214.3276,3.5476,2021-12-10
2.3672,73.2184,0.0,-11.394,214.378,4.0328,2021-12-11
2.0212,73.2852,0.0,-9.148,230.1188,4.024,2021-12-12
2.2568,73.1524,0.0,-10.5652,241.3544,3.8964,2021-12-13
3.2224,72.9956,0.0,-11.3396,217.6448,4.1656,2021-12-14
2.8864,72.9692,0.0,-13.504,204.2304,3.6332,2021-12-15
3.8416,72.9572,0.0,-13.8552,208.2136,5.1032,2021-12-16
3.7308,72.896,0.0036,-11.6912,210.7168,4.2228,2021-12-17
2.196,72.86,0.0,-11.3616,204.8928,3.482,2021-12-18
2.6188,73.05,0.0,-14.7636,199.9208,3.9576,2021-12-19
1.9812,73.0756,0.0,-13.3584,218.33,3.3584,2021-12-20
2.1228,72.9748,0.0,-10.982,219.584,3.752,2021-12-21
2.0464,72.8828,0.0,-11.2172,219.1872,3.3048,2021-12-22
2.0828,72.8272,0.0,-9.4548,234.5264,4.286,2021-12-23
2.182,72.804,0.0,-8.7672,225.958,4.18,2021-12-24
2.2712,72.8564,0.0,-9.19,222.708,4.174,2021-12-25
2.1912,73.0036,0.0388,-8.1452,248.3352,4.4604,2021-12-26
2.316,73.006,0.0252,-8.018,225.654,4.2948,2021-12-27
1.9856,72.9484,1.0808,-9.4248,247.292,3.3832,2021-12-28
2.018,72.864,0.8356,-8.1992,251.068,3.926,2021-12-29
1.8716,73.2404,0.044,-10.6488,216.3568,3.1744,2021-12-30
2.0688,73.3028,0.0,-10.9308,216.526,3.4048,2021-12-31
2.1356,73.27,0.0,-10.5448,217.6328,4.0088,2022-01-01
2.434,73.1752,0.0,-8.9488,227.9136,4.1516,2022-01-02
2.0408,73.1132,0.0016,-9.4876,225.2564,3.3784,2022-01-03
2.3404,73.1,0.7776,-6.03,259.1812,4.3016,2022-01-04
2.7712,73.0124,10.658,-2.76,276.2004,4.1032,2022-01-05
2.5288,72.9888,1.9176,-4.6308,255.438,3.8032,2022-01-06
2.6604,73.0908,0.2256,-4.7076,250.0048,3.2404,2022-01-07
2.7404,73.0704,21.2776,-4.6148,273.7368,3.1496,2022-01-08
3.3664,72.8564,8.758,-5.98,273.7952,6.41,2022-01-09
3.108,72.8604,11.5132,-6.274,270.9684,4.622,2022-01-10
2.114,72.87,1.964,-7.1992,235.618,3.1728,2022-01-11
1.6272,72.7716,0.7576,-7.5428,233.3472,2.7356,2022-01-12
2.0892,72.8176,0.0,-9.7364,229.0572,3.458,2022-01-13
2.0936,72.8724,0.0,-12.23,220.0492,3.636,2022-01-14
2.6944,73.0464,0.0,-13.3244,219.3924,3.4432,2022-01-15
2.2272,73.2068,0.0,-10.972,232.6856,3.8656,2022-01-16
1.8544,73.2572,0.0,-7.0684,256.2636,3.224,2022-01-17
2.2284,73.0068,0.0,-5.6644,245.9164,3.7044,2022-01-18
1.9816,72.7884,0.244,-7.6512,253.1376,3.4268,2022-01-19
1.6596,72.4128,0.8272,-4.942,268.8168,3.0824,2022-01-20
2.108,72.4408,0.5868,-6.4936,246.1364,4.3564,2022-01-21
2.9264,72.2572,3.3296,-7.4656,262.304,4.5592,2022-01-22
2.8336,72.2948,9.478,-7.2772,272.018,4.6856,2022-01-23
2.096,72.4092,4.1852,-6.9132,265.1392,2.7876,2022-01-24
2.07,72.4488,2.0872,-7.9496,246.5336,3.4768,2022-01-25
2.1028,72.438,1.1484,-9.21,255.0148,3.4496,2022-01-26
2.4868,72.542,0.0192,-10.9156,224.6016,4.292,2022-01-27
2.7624,72.7584,0.0,-11.7224,216.2604,4.2188,2022-01-28
3.0584,72.8852,0.0,-9.8932,229.942,5.1072,2022-01-29
3.0236,72.6488,0.0,-9.7972,231.9556,5.022,2022-01-30
3.0936,72.5632,0.0,-8.4148,231.7592,4.7968,2022-01-31
3.2396,72.3924,0.0,-10.4448,224.3592,6.4372,2022-02-01
2.7136,72.5468,0.2564,-8.1796,250.214,5.1992,2022-02-02
4.6972,72.2364,16.6392,-5.1152,275.7548,5.6116,2022-02-03
2.5172,72.0528,9.9064,-7.6148,265.3676,4.8468,2022-02-04
2.6048,72.438,0.2756,-11.4972,227.3432,3.7608,2022-02-05
2.7316,72.8536,0.05,-8.7556,243.2508,4.69,2022-02-06
2.8584,72.8236,0.0364,-6.0176,244.7064,4.35,2022-02-07
2.4036,72.7104,1.08,-7.372,229.7468,3.934,2022-02-08
2.8124,72.6912,4.7348,-6.4568,262.7324,4.5856,2022-02-09
2.6704,72.7404,0.0244,-9.7868,223.4304,4.7624,2022-02-10
3.0984,72.7188,0.0928,-12.1904,211.7592,4.6644,2022-02-11
2.4908,72.8032,0.0,-10.4964,219.0544,4.5452,2022-02-12
2.154,72.774,0.0,-8.3404,228.6732,3.93,2022-02-13
2.4412,72.7852,0.0,-7.5444,238.5904,4.0336,2022-02-14
2.1268,72.7304,0.0,-6.4764,241.5104,3.666,2022-02-15
2.6692,72.5496,0.0,-7.2356,226.0364,4.8508,2022-02-16
2.41,72.5396,0.0,-8.3312,218.904,4.49,2022-02-17
2.754,72.6652,0.0004,-10.0268,223.8496,4.7684,2022-02-18
2.6128,72.6676,0.0028,-9.0888,228.9124,3.8568,2022-02-19
2.422,72.1504,0.0104,-8.226,237.0532,4.4296,2022-02-20
2.7836,72.3848,0.0,-10.1052,219.2836,4.36,2022-02-21
3.4152,72.878,0.2976,-5.7628,256.2744,5.1576,2022-02-22
3.8276,73.068,1.71,-2.9708,281.5672,4.7268,2022-02-23
2.6524,73.0364,1.518,-5.4852,265.3512,4.2564,2022-02-24
2.2564,72.9992,0.1536,-6.5812,255.4996,4.1308,2022-02-25
3.844,73.0548,5.5432,-5.6148,280.312,7.518,2022-02-26
2.5836,73.0572,0.3668,-7.3548,242.4164,3.7452,2022-02-27
2.5192,73.0864,0.0036,-9.1892,227.078,4.1996,2022-02-28
2.5112,73.136,0.0,-5.5932,247.9968,4.628,2022-03-01
2.254,73.1448,0.0,-5.262,232.0428,3.4732,2022-03-02
2.7756,73.112,0.1452,-6.294,256.532,4.852,2022-03-03
2.6396,73.0724,0.0392,-5.6124,250.4232,3.9716,2022-03-04
2.606,73.1052,0.0,-6.1068,236.7092,3.956,2022-03-05
2.2292,73.164,0.0,-4.0004,262.0236,4.102,2022-03-06
2.428,73.2696,0.0,-3.7876,264.336,4.0664,2022-03-07
2.4344,73.202,0.0,-5.5528,240.8988,4.042,2022-03-08
2.6236,73.1184,0.0,-5.2364,243.0812,4.1,2022-03-09
2.4456,73.052,0.0,-3.8748,264.0068,3.5452,2022-03-10
2.5316,73.0764,0.0,-3.7876,245.7696,3.894,2022-03-11
2.4756,73.086,0.0,-4.5764,247.708,3.8112,2022-03-12
2.188,73.1676,0.0,-2.218,256.3808,3.682,2022-03-13
2.3052,73.2284,0.0,-0.9928,262.244,2.8904,2022-03-14
2.6956,73.0308,0.0008,0.1376,270.4028,4.608,2022-03-15
2.6528,72.9248,0.112,-1.3296,270.538,4.188,2022-03-16
2.2548,73.1572,0.1044,-1.04,284.2552,3.4408,2022-03-17
2.4076,73.2148,0.0,2.4868,290.5524,4.5016,2022-03-18
2.8432,73.0292,0.0096,1.2028,286.0656,4.8592,2022-03-19
3.1412,72.8336,0.006,0.378,285.9972,5.2784,2022-03-20
2.7424,72.9232,0.0,-1.642,261.3836,3.9704,2022-03-21
2.7336,72.946,0.0008,-2.9404,259.8156,4.584,2022-03-22
3.2148,72.9256,0.0028,-1.6232,274.9788,5.776,2022-03-23
3.2404,72.78,0.0136,-2.3444,280.5192,5.2784,2022-03-24
3.5196,72.7548,0.0004,-2.1148,272.1492,6.6,2022-03-25
3.1168,72.9292,0.0,-3.9956,253.3792,5.868,2022-03-26
3.0348,73.076,0.0,-4.3604,259.882,6.42,2022-03-27
3.2864,73.0932,0.0,-4.3516,265.3524,5.8848,2022-03-28
3.364,72.992,0.0,-5.906,264.296,6.018,2022-03-29
3.5776,73.0404,0.0012,-7.186,263.0848,6.1332,2022-03-30
3.428,73.0928,0.0,-6.7436,266.1128,6.062,2022-03-31
2.7428,73.108,0.0,-4.6448,259.4996,4.2296,2022-04-01
3.4808,73.212,0.0008,-2.9932,263.486,6.2184,2022-04-02
3.5448,73.152,0.0,-5.192,255.9188,5.5808,2022-04-03
3.2164,73.1008,0.0,-5.6488,251.5928,5.8404,2022-04-04
3.0396,73.3232,0.0,-5.1672,254.164,5.2796,2022-04-05
3.1384,73.3404,0.0116,-5.298,249.6912,5.5996,2022-04-06
2.9148,73.2952,0.0008,-4.1236,258.1544,5.4652,2022-04-07
2.7884,73.146,0.0008,-1.9312,259.0392,4.9144,2022-04-08
3.4792,73.0324,0.0508,-2.118,269.462,6.368,2022-04-09
2.9876,73.0068,0.2312,-3.2164,263.3152,4.5116,2022-04-10
2.7952,73.024,0.0004,-2.4652,270.706,4.9992,2022-04-11
2.8284,73.0448,0.0,-2.4044,292.0996,5.2792,2022-04-12
3.2336,72.9376,1.2268,-1.5224,304.956,6.5208,2022-04-13
3.2452,72.7328,0.9592,-2.1264,302.3768,5.2892,2022-04-14
3.332,72.6756,0.258,-4.7616,286.5292,5.2428,2022-04-15
3.1048,72.6852,0.1204,-2.5688,282.6776,5.7328,2022-04-16
2.7284,72.8424,0.0032,-4.0516,273.8436,4.3424,2022-04-17
2.9304,73.0724,0.0,-4.6752,266.888,5.3484,2022-04-18
3.1216,73.1784,0.0008,-3.0784,282.1768,5.8768,2022-04-19
3.5804,73.022,0.0,-2.3632,275.7928,7.0676,2022-04-20
3.472,73.08,0.0464,-0.8816,306.5148,6.4056,2022-04-21
3.6528,73.0356,0.122,-0.232,307.1672,6.1244,2022-04-22
3.5884,73.0084,0.0076,-4.4576,262.904,5.8324,2022-04-23
3.0676,72.8716,0.0,-5.54,268.4892,5.7344,2022-04-24
3.752,72.8688,0.0,-3.8248,278.3092,7.1848,2022-04-25
3.4728,72.9496,0.0068,-2.7616,293.7156,5.9532,2022-04-26
2.8424,73.0068,0.0016,-3.5252,274.9984,5.4332,2022-04-27
3.2524,73.1072,0.0152,-3.0096,292.276,6.0076,2022-04-28
3.1928,73.0472,0.0916,-1.5836,305.4016,6.0616,2022-04-29
2.9652,72.896,1.1048,-0.5508,313.0788,5.2496,2022-04-30
3.0256,72.86,0.7772,0.1532,319.5444,5.3844,2022-05-01
2.612,72.856,0.5452,-0.1696,308.5568,3.9324,2022-05-02
2.7296,72.9824,0.788,2.6736,323.8144,4.984,2022-05-03
2.852,73.0908,1.6116,2.4272,306.1616,5.2748,2022-05-04
3.0724,72.9412,2.5464,2.4048,306.0488,5.7808,2022-05-05
3.0184,72.9288,0.5392,3.2988,309.524,5.2828,2022-05-06
2.6916,72.976,0.5404,1.642,314.5208,4.4436,2022-05-07
2.4564,72.9312,2.3352,2.8528,323.308,4.3212,2022-05-08
2.598,72.9476,0.8752,4.7788,337.9512,3.8196,2022-05-09
2.3604,72.9472,2.2708,5.6396,339.4056,3.4312,2022-05-10
2.566,72.856,0.452,6.5948,334.4328,4.6852,2022-05-11
3.3536,72.7692,2.1632,7.0176,345.314,5.7192,2022-05-12
3.1628,72.5976,1.8084,3.1028,327.0832,5.2892,2022-05-13
3.2192,72.6744,0.0376,-0.9784,301.4936,6.4332,2022-05-14
3.398,72.8468,0.0124,-2.5892,305.9048,6.4208,2022-05-15
3.5312,72.842,0.5356,-0.8556,325.1932,6.2524,2022-05-16
2.942,72.7264,1.7948,1.2224,336.8048,5.2192,2022-05-17
3.066,72.816,0.676,2.0324,331.552,5.31,2022-05-18
3.0924,72.8372,0.1504,1.5948,307.5472,5.3748,2022-05-19
3.8772,72.7172,2.2864,1.1732,318.0568,6.7188,2022-05-20
3.5028,72.4948,0.9768,-0.3144,317.5028,6.8048,2022-05-21
3.5244,72.3148,8.7052,2.0864,321.5332,5.7996,2022-05-22
2.974,72.494,7.1192,2.6124,313.7132,3.8084,2022-05-23
3.0712,72.7964,6.9204,2.6168,316.7464,5.112,2022-05-24
2.2924,72.8448,0.88,2.754,298.5968,2.8944,2022-05-25
2.3112,72.7592,0.0976,4.708,322.634,3.5912,2022-05-26
2.7384,72.6256,0.3496,7.1044,340.4184,4.9252,2022-05-27
2.9884,72.5852,3.0876,7.23,345.6224,5.4936,2022-05-28
2.9624,72.6712,0.5916,5.2348,342.7372,5.0984,2022-05-29
3.3124,72.7332,0.1004,3.5852,320.2132,5.5132,2022-05-30
2.9212,72.7192,0.0608,0.554,308.9784,4.6948,2022-05-31
3.3596,72.7684,0.0932,1.7196,303.8072,6.5164,2022-06-01
3.2624,72.746,0.0024,-0.1104,292.0308,6.0112,2022-06-02
3.4892,72.6836,0.0,-1.3544,290.1204,5.9596,2022-06-03
3.616,72.7564,0.0,-1.9396,285.4136,5.934,2022-06-04
3.3468,72.8284,0.0,-0.696,286.0464,6.0684,2022-06-05
3.1364,72.794,0.0016,1.3496,301.258,5.652,2022-06-06
3.0968,72.7552,0.0016,1.626,316.7564,6.0588,2022-06-07
3.5888,72.6976,0.0004,2.2008,321.4712,6.1796,2022-06-08
3.4784,72.6572,0.0012,2.8048,330.824,5.62,2022-06-09
3.4432,72.668,1.1068,3.6988,336.5936,5.7676,2022-06-10
3.2464,72.6948,1.3576,3.5872,339.9856,5.9436,2022-06-11
3.34,72.7952,0.4752,3.7272,329.8072,6.2088,2022-06-12
3.6508,72.882,0.1284,3.4264,317.7636,6.0464,2022-06-13
3.5972,72.816,0.0024,4.8112,326.2572,6.4108,2022-06-14
3.5236,72.7176,2.6636,6.5864,333.868,5.5548,2022-06-15
3.4188,72.7144,3.086,7.6376,355.0792,5.7864,2022-06-16
3.4256,72.6484,1.754,8.0112,348.9256,6.2344,2022-06-17
3.718,72.71,3.0336,6.6676,344.5092,5.7344,2022-06-18
3.9312,72.6296,2.0244,6.374,339.282,5.224,2022-06-19
3.4028,72.526,2.7912,5.9892,339.0552,5.3156,2022-06-20
3.2452,72.5824,3.162,5.3136,333.6028,5.0864,2022-06-21
2.7464,72.9372,0.6944,4.8824,314.28,4.956,2022-06-22
2.9892,73.008,1.1152,5.0444,320.9,4.866,2022-06-23
2.9928,72.8636,0.59,6.9264,328.472,4.7596,2022-06-24
2.8068,72.7808,0.1664,7.7872,339.9212,4.854,2022-06-25
2.9456,72.9012,1.5092,9.604,353.4116,4.7224,2022-06-26
3.0468,72.9536,1.9956,11.5136,352.6628,4.588,2022-06-27
2.9096,72.7372,1.8308,11.1216,356.4252,4.3948,2022-06-28
3.0788,72.5288,5.9732,12.016,354.3348,5.0072,2022-06-29
2.7876,72.6544,13.9496,11.6208,348.2336,4.2824,2022-06-30
2.5696,72.7132,1.5412,11.312,357.81,3.604,2022-07-01
2.414,72.6616,11.9504,12.1616,359.9432,3.01,2022-07-02
2.5536,72.7372,5.3828,12.5328,355.6316,3.9676,2022-07-03
2.4308,72.7548,1.7768,12.1316,353.216,3.6276,2022-07-04
2.736,72.7972,6.6776,12.788,355.2632,3.974,2022-07-05
2.9724,73.0276,6.1584,12.8204,352.2512,3.7928,2022-07-06
2.592,73.0928,1.1936,12.7288,348.206,3.5276,2022-07-07
2.2704,72.9112,2.3004,12.7304,354.742,3.6216,2022-07-08
3.1416,72.7452,12.2764,12.4964,354.9404,5.4024,2022-07-09
3.1224,72.7732,4.04,11.9352,355.3704,4.67,2022-07-10
3.0724,72.8444,2.5284,12.1676,356.3596,4.108,2022-07-11
2.9516,72.7984,3.3256,12.9404,357.3484,3.264,2022-07-12
3.226,72.6712,2.4468,12.678,359.4688,3.9368,2022-07-13
3.5412,72.7184,3.5056,11.95,356.938,4.3168,2022-07-14
3.1132,72.9004,0.6224,10.6656,342.6136,3.8344,2022-07-15
3.064,72.972,1.4832,10.9364,338.7984,4.3324,2022-07-16
2.6584,73.0856,0.642,11.5208,343.3896,4.3832,2022-07-17
2.944,72.952,0.6564,12.1784,351.5852,4.9596,2022-07-18
2.8728,72.7784,2.1228,12.8424,361.5816,4.3364,2022-07-19
2.3392,72.7116,6.4232,12.4212,356.6588,3.7208,2022-07-20
2.3596,72.8952,4.5408,11.0468,351.678,4.262,2022-07-21
2.4448,73.006,3.582,11.8168,350.1148,3.608,2022-07-22
2.4412,72.9756,6.1128,12.1912,344.276,3.5368,2022-07-23
2.9684,72.9664,4.9432,11.7836,343.7832,3.5972,2022-07-24
2.9576,73.0916,5.1248,11.6124,351.91,3.516,2022-07-25
2.7792,73.1536,7.0672,11.9416,351.0652,3.7316,2022-07-26
2.5444,73.0704,4.8744,12.2036,355.324,4.1612,2022-07-27
2.644,73.1116,10.6012,12.282,360.8968,4.324,2022-07-28
3.2056,73.0348,11.1064,12.8952,357.3344,4.7424,2022-07-29
2.4628,72.882,14.4948,12.6916,354.6424,3.2656,2022-07-30
3.02,72.704,8.4824,12.3816,351.5708,4.7896,2022-07-31
2.8316,72.7168,2.9024,12.6068,348.5368,3.8644,2022-08-01
2.5416,72.7444,3.024,11.9984,337.9508,4.4488,2022-08-02
2.3856,72.9108,7.3164,12.2552,348.4684,3.158,2022-08-03
2.6016,72.9636,5.7204,12.8368,354.3728,2.9244,2022-08-04
2.5596,72.8768,4.208,12.9752,350.4616,3.2684,2022-08-05
2.486,72.6948,2.96,12.8192,348.896,3.4624,2022-08-06
2.2616,72.726,3.7188,11.6436,351.4844,3.6948,2022-08-07
2.448,72.7636,1.3084,12.0892,344.5744,3.7772,2022-08-08
2.5196,72.8048,1.9316,12.0976,353.3228,3.5236,2022-08-09
2.5108,72.706,4.924,12.8772,350.398,3.4472,2022-08-10
2.9772,72.83,10.7336,11.546,348.2684,4.0852,2022-08-11
2.5164,72.8412,0.5064,11.5804,335.8704,3.8272,2022-08-12
2.5004,72.8212,0.5692,11.3804,341.9276,3.4848,2022-08-13
2.7212,72.9132,13.6572,12.5748,353.3452,5.516,2022-08-14
2.2576,73.0268,8.1624,11.1116,343.6528,3.3632,2022-08-15
3.0128,73.038,0.9368,11.5412,338.7304,4.912,2022-08-16
2.542,73.0032,0.26,11.632,336.0392,3.8028,2022-08-17
2.5636,72.8232,0.1376,11.9964,338.184,3.8128,2022-08-18
2.8092,72.7608,11.884,12.7992,349.1324,4.2444,2022-08-19
2.4664,72.9304,11.084,11.3,347.1376,3.618,2022-08-20
2.6584,72.8064,1.3804,10.93,341.9384,4.1248,2022-08-21
2.7868,72.7684,0.5008,12.0768,337.9252,4.0884,2022-08-22
3.0372,72.992,2.0472,11.7496,333.2704,3.2252,2022-08-23
2.4664,73.184,6.0572,11.6476,342.6812,3.902,2022-08-24
2.2524,73.0896,1.9764,12.0964,338.1848,3.9584,2022-08-25
2.4088,72.9688,0.1368,11.7176,330.9232,4.4968,2022-08-26
2.93,72.8416,0.11,11.7228,334.1452,4.0764,2022-08-27
3.1832,72.8996,5.0132,12.5888,332.8924,5.0648,2022-08-28
2.7976,73.1976,3.0156,12.0228,349.8568,4.5372,2022-08-29
2.5052,73.2188,0.4612,11.5624,333.0928,4.552,2022-08-30
2.8488,73.0324,0.548,11.7128,330.3744,4.5044,2022-08-31
2.8496,73.0544,2.4116,12.352,335.8136,4.2196,2022-09-01
2.7288,73.1344,2.5788,11.8204,338.1664,4.4056,2022-09-02
2.8984,72.8564,0.4116,11.2816,335.224,4.8416,2022-09-03
2.7352,72.8052,2.0904,10.3832,346.3416,4.7168,2022-09-04
2.5692,72.9388,0.928,8.4024,328.8528,3.5404,2022-09-05
2.506,73.0812,0.1296,8.366,307.956,3.6872,2022-09-06
2.2616,73.2404,0.6596,9.1804,309.0132,3.3704,2022-09-07
2.1284,73.302,0.6388,9.578,324.5416,3.4044,2022-09-08
2.3308,73.2584,0.662,10.4044,327.2132,3.6472,2022-09-09
2.3076,73.1656,5.4608,10.5268,336.1876,3.5648,2022-09-10
2.24,73.0156,4.8184,10.2364,331.4688,3.252,2022-09-11
2.3944,72.8776,1.7732,10.1692,324.0008,3.6896,2022-09-12
2.3384,72.96,1.4688,9.7988,328.396,3.1064,2022-09-13
2.8416,73.0136,6.1668,10.6896,347.6332,4.5212,2022-09-14
2.4316,72.8308,19.3928,10.4484,352.7048,4.0336,2022-09-15
2.4008,72.5552,22.4132,10.7952,345.1736,4.6044,2022-09-16
2.9156,72.72,20.0056,10.0156,345.882,5.5112,2022-09-17
2.1204,72.9764,2.3808,9.7164,337.3876,3.8768,2022-09-18
2.2904,73.0912,1.8736,10.606,346.3484,4.1444,2022-09-19
2.4188,73.0948,2.7392,10.9688,340.0868,3.9916,2022-09-20
2.6308,73.0888,6.8764,11.0108,342.9128,4.0272,2022-09-21
2.582,73.0596,6.008,10.668,347.4284,3.9252,2022-09-22
2.3124,73.0036,44.2496,10.5376,345.1052,3.1428,2022-09-23
2.47,72.9096,27.7104,10.2708,342.8872,3.9624,2022-09-24
3.6212,72.964,39.7,9.972,333.8572,6.1256,2022-09-25
2.454,73.1104,1.608,8.1808,313.0,4.4608,2022-09-26
2.1492,73.0168,0.0012,7.4244,301.9612,3.5244,2022-09-27
2.2484,72.944,0.8332,8.2024,301.8412,3.3076,2022-09-28
2.258,72.9456,0.0332,8.1156,307.1904,3.7108,2022-09-29
2.2164,72.9988,0.0204,8.3616,298.436,4.1012,2022-09-30
2.4592,72.9308,2.6488,7.4556,309.2368,3.758,2022-10-01
2.2652,72.954,0.4416,7.082,299.6192,3.2964,2022-10-02
2.4864,73.0796,0.0108,7.3364,291.1756,3.6368,2022-10-03
2.3904,73.2288,0.4556,7.6408,307.5528,4.388,2022-10-04
2.4488,73.1672,2.1656,7.4296,298.8648,4.9852,2022-10-05
3.0712,73.1216,9.9088,8.608,312.9032,6.3248,2022-10-06
2.4172,73.176,14.1648,8.618,328.6288,4.6124,2022-10-07
2.1708,73.22,31.5672,7.7972,326.6888,3.524,2022-10-08
2.652,73.2596,55.2164,7.1684,326.6868,3.5524,2022-10-09
2.8796,73.272,11.4572,6.546,317.9184,6.2392,2022-10-10
2.5832,73.0908,5.012,4.8828,310.2784,4.7104,2022-10-11
2.3776,73.0944,0.6448,4.6532,284.8412,3.6864,2022-10-12
2.1672,73.168,0.0528,4.5344,269.8456,3.4964,2022-10-13
1.9176,73.172,0.0004,3.9724,261.88,3.5328,2022-10-14
1.916,73.1584,0.0,4.402,263.3232,3.5736,2022-10-15
2.1424,73.3436,0.0,4.152,264.9208,4.0056,2022-10-16
2.0656,73.3024,0.0,3.224,263.3032,4.0012,2022-10-17
2.3676,73.1032,0.12,2.2308,270.956,3.3596,2022-10-18
2.2892,73.074,0.0592,1.5876,261.1672,3.9464,2022-10-19
2.296,73.2232,0.1248,0.552,264.0292,3.7152,2022-10-20
2.3044,73.352,0.1768,0.4324,255.3956,4.2968,2022-10-21
1.7416,73.428,0.0568,-0.7596,252.5956,2.784,2022-10-22
2.0724,73.394,0.0,0.3576,247.4004,3.434,2022-10-23
2.1816,73.0744,0.0,0.5532,245.6448,3.4672,2022-10-24
2.5392,72.9372,0.0,0.0992,241.5196,4.2232,2022-10-25
2.2456,73.2104,0.0,0.304,241.3724,4.16,2022-10-26
2.484,73.2064,0.0,0.5084,238.5664,5.136,2022-10-27
1.9628,73.2256,0.0,0.0832,237.0672,3.2976,2022-10-28
2.0452,73.2672,0.0,0.566,241.9764,3.7428,2022-10-29
1.962,73.3132,0.0,0.49,240.3092,3.5816,2022-10-30
2.2628,73.3272,0.0,-0.024,241.6832,3.7648,2022-10-31
2.3524,73.3384,0.0,0.3288,249.6588,4.3456,2022-11-01
1.9512,73.1692,0.0,-0.338,242.124,3.042,2022-11-02
1.8548,73.162,0.0,-0.198,244.8536,3.296,2022-11-03
1.9356,73.3292,0.0,1.1916,250.7976,3.3684,2022-11-04
2.322,73.4616,0.0,2.1868,258.7268,3.9136,2022-11-05
2.0372,73.4344,0.0,0.884,252.0056,3.7988,2022-11-06
2.1448,73.3296,0.0,-0.1136,264.0276,4.4136,2022-11-07
2.0804,73.3076,0.0,-0.5188,251.3328,3.838,2022-11-08
2.6068,73.2652,0.2868,0.856,273.4212,3.8988,2022-11-09
2.6056,73.2228,0.5312,-1.5236,264.7376,3.7004,2022-11-10
2.5492,73.1736,0.068,-4.1508,230.1136,4.6164,2022-11-11
2.7976,73.1176,0.0,-4.8344,221.0788,5.3164,2022-11-12
2.3936,73.0952,0.0256,-5.5952,231.0024,4.3108,2022-11-13
2.8148,73.176,1.2712,-1.8008,274.2648,5.0396,2022-11-14
2.4704,73.1316,0.0804,-1.1884,253.8208,4.1128,2022-11-15
2.8836,72.9756,0.0388,-1.5096,235.2716,4.4212,2022-11-16
1.9968,72.9664,0.004,-3.6048,219.8028,3.304,2022-11-17
1.9232,73.1868,0.0,-3.648,227.1856,3.9676,2022-11-18
2.5556,73.2492,0.0,-2.8492,239.8552,4.8896,2022-11-19
2.7496,73.1336,0.0,-4.3564,228.1168,4.8356,2022-11-20
2.5792,73.078,0.0,-5.708,236.7204,4.8616,2022-11-21
2.686,73.0608,0.0,-5.1728,232.7224,4.8856,2022-11-22
2.1124,73.068,0.0,-4.1416,223.7052,3.6204,2022-11-23
1.9924,73.212,0.0,-6.0704,226.0732,3.3808,2022-11-24
2.0704,73.3804,0.0,-5.418,233.6004,3.91,2022-11-25
2.2524,73.1712,0.0,-4.54,235.0648,5.086,2022-11-26
2.0644,72.9648,0.0,-3.734,226.3392,4.1488,2022-11-27
2.0252,73.05,0.0,-4.7664,223.0752,4.3164,2022-11-28
1.9028,73.2064,0.0,-4.8204,221.8592,3.7524,2022-11-29
2.0828,73.2696,0.0,-5.3748,224.7524,4.4488,2022-11-30
2.0868,73.1796,0.0,-5.5492,226.5472,4.0604,2022-12-01
2.142,73.1084,0.0,-4.1524,237.728,4.4996,2022-12-02
2.4492,73.1024,0.0,-4.1576,232.2456,4.6568,2022-12-03
2.206,73.1516,0.0,-6.5272,220.7972,3.9916,2022-12-04
2.3344,73.2076,0.0,-6.6024,222.2704,4.1208,2022-12-05
2.3104,73.0948,0.0,-7.5332,223.3864,4.6452,2022-12-06
2.0572,73.0464,0.0,-8.1068,221.0096,3.6408,2022-12-07
2.192,73.1224,0.0,-7.1892,230.5124,3.9944,2022-12-08
2.5192,73.0792,0.0,-6.6316,230.7448,4.1968,2022-12-09
2.8148,73.142,0.0,-7.0104,231.5872,4.3852,2022-12-10
2.5624,73.2048,0.0,-9.7568,221.0112,4.0808,2022-12-11
2.7656,73.1304,0.1828,-9.9144,223.0916,4.0344,2022-12-12
2.5824,73.1768,0.0532,-10.468,215.608,4.1104,2022-12-13
2.418,73.1252,0.0,-10.318,212.9112,4.4824,2022-12-14
2.172,73.0136,0.0,-9.0228,211.1864,3.5672,2022-12-15
2.0708,72.964,0.0,-8.2812,218.0872,4.5708,2022-12-16
2.0304,73.112,0.0,-7.874,219.6276,3.8464,2022-12-17
2.02,73.146,0.0,-8.164,221.4744,4.0876,2022-12-18
2.2712,72.9768,0.0,-8.8404,216.888,4.5852,2022-12-19
2.4648,72.904,0.0,-11.514,223.3524,3.794,2022-12-20
2.688,72.9396,0.0,-12.1636,213.254,4.3628,2022-12-21
2.2708,72.8856,0.0,-12.6316,202.2664,3.172,2022-12-22
2.7032,72.8436,0.0,-11.826,206.68,4.8296,2022-12-23
2.5536,72.7728,0.0,-6.7816,225.7236,3.4492,2022-12-24
2.316,72.8816,0.0,-8.1732,227.7504,4.1072,2022-12-25
2.7768,73.008,0.0,-6.0316,231.4532,4.4816,2022-12-26
3.0068,72.9452,0.0,-10.0452,213.2448,5.9352,2022-12-27
2.7084,72.9528,0.0,-11.4172,219.4004,4.794,2022-12-28
3.264,73.138,0.2464,-5.628,262.1456,5.6588,2022-12-29
3.1296,73.1328,0.1412,-3.7976,242.498,5.7312,2022-12-30
2.6896,73.0524,0.0008,-6.9808,213.928,5.658,2022-12-31
2.2236,73.1184,0.0,-8.4104,240.988,4.3252,2023-01-01
2.7032,73.1316,0.0,-7.5772,216.318,5.364,2023-01-02
2.5472,73.0772,0.0,-8.2932,210.6452,4.456,2023-01-03
2.0632,73.1744,0.0,-10.4628,200.3604,3.376,2023-01-04
2.4792,73.4336,0.0,-13.3972,205.6832,3.9056,2023-01-05
2.0992,73.5216,0.0,-13.7428,205.1244,3.0888,2023-01-06
2.2272,73.4184,0.0,-10.4372,224.5332,3.5704,2023-01-07
2.2372,73.3168,0.0,-7.0224,235.2564,4.154,2023-01-08
2.4188,73.4064,0.0,-6.1116,251.3128,4.9088,2023-01-09
2.4536,73.224,0.0,-7.1092,233.7628,3.8132,2023-01-10
3.3276,72.9,0.0848,-7.3904,267.452,6.082,2023-01-11
3.8088,72.6244,0.4188,-5.7312,250.3892,4.6108,2023-01-12
4.4056,72.6736,1.6432,-4.5752,255.2564,4.3572,2023-01-13
3.8032,72.7212,0.7328,-6.342,233.966,4.8164,2023-01-14
3.2608,72.6636,0.0,-12.168,215.1672,5.1564,2023-01-15
3.384,72.708,0.0,-11.2828,207.9212,4.9064,2023-01-16
2.886,72.692,0.0,-11.89,207.7296,4.688,2023-01-17
2.1636,72.946,0.0,-12.1972,218.7312,3.7884,2023-01-18
2.8052,72.9928,0.7076,-8.0872,258.0808,4.7244,2023-01-19
4.5716,72.8728,2.4664,-5.3944,267.998,7.318,2023-01-20
3.2532,72.9256,0.038,-7.778,222.7952,4.1968,2023-01-21
3.0708,72.9164,0.052,-9.4936,211.7524,4.7512,2023-01-22
2.8388,72.9612,0.1276,-9.6024,224.0204,4.4136,2023-01-23
4.6104,72.9248,5.1288,-3.5772,289.8704,7.4876,2023-01-24
4.9216,72.9532,6.0276,-2.3132,283.694,5.744,2023-01-25
3.0096,73.0856,0.2356,-6.0776,239.2256,4.9748,2023-01-26
2.492,73.134,0.0128,-9.5484,225.3036,4.3684,2023-01-27
2.4352,73.0704,0.0,-11.5128,225.0144,3.8256,2023-01-28
3.2368,73.084,0.7668,-10.2496,268.5464,5.3784,2023-01-29
4.0076,73.2008,4.8224,-6.9356,277.8712,4.9712,2023-01-30
2.9856,73.0364,0.092,-6.7696,230.7288,4.9164,2023-01-31
2.5328,73.082,0.0152,-12.1616,217.2028,3.334,2023-02-01
2.5112,73.0856,0.0,-11.7928,229.2092,4.1716,2023-02-02
2.3264,73.0704,0.0,-8.3604,231.5224,4.0956,2023-02-03
2.6756,72.8412,0.0,-6.9548,229.946,5.4868,2023-02-04
2.5596,72.782,0.0,-6.778,227.6092,4.8484,2023-02-05
3.0388,72.75,0.2776,-6.3236,239.0312,5.78,2023-02-06
3.0212,72.6324,0.0616,-6.8276,221.7864,5.7756,2023-02-07
2.8616,72.7984,0.0,-8.316,224.558,5.1904,2023-02-08
3.6508,72.8448,0.1924,-6.0284,246.8952,6.1896,2023-02-09
4.7852,72.8452,0.4188,-4.1408,267.8432,4.9104,2023-02-10
5.8264,72.778,0.7976,-4.2284,253.8732,5.4588,2023-02-11
4.612,72.72,0.0124,-12.1824,208.518,6.6732,2023-02-12
3.2528,72.924,0.0,-11.8972,215.9948,5.892,2023-02-13
2.7476,73.12,0.0,-7.384,236.6308,4.5364,2023-02-14
2.5576,73.0708,0.0,-7.264,235.8732,4.1752,2023-02-15
2.6056,73.2712,0.0,-5.9368,243.798,4.6704,2023-02-16
2.7884,73.4128,0.0,-4.0252,257.0528,4.8816,2023-02-17
2.5992,73.3932,0.0,-5.8408,244.706,4.1588,2023-02-18
2.9688,73.2656,0.0,-6.188,248.2644,5.0868,2023-02-19
3.4432,73.0892,0.0,-5.472,261.7372,6.1452,2023-02-20
4.1452,72.9936,1.9404,-3.3284,271.4008,6.2308,2023-02-21
2.9092,72.9352,0.6528,-5.7568,253.5408,5.578,2023-02-22
2.4616,72.9256,0.0072,-8.6232,223.764,4.0816,2023-02-23
2.5976,73.1216,0.0,-7.9956,227.9048,5.116,2023-02-24
2.3548,73.2572,0.0,-6.8556,241.104,4.1352,2023-02-25
2.852,73.3464,0.0092,-5.8304,249.6752,5.0632,2023-02-26
3.0036,73.2544,0.0112,-5.4064,240.6632,5.6704,2023-02-27
3.1164,73.3016,0.076,-5.4524,252.3396,5.6516,2023-02-28
3.0852,73.3976,0.1748,-3.4072,266.7332,5.514,2023-03-01
2.9604,73.4356,0.01,-4.2008,246.2236,5.1564,2023-03-02
3.5292,73.4356,0.0016,-3.884,250.0532,5.7532,2023-03-03
3.412,73.4504,0.0,-3.2004,260.236,6.1984,2023-03-04
3.1848,73.3656,0.0,-3.8508,252.3724,5.574,2023-03-05
2.8996,73.1816,0.0,-4.5056,244.6132,4.9716,2023-03-06
2.6668,73.2328,0.0436,-3.6496,253.8136,4.6612,2023-03-07
2.3904,73.3108,0.3744,-3.2708,267.4552,4.076,2023-03-08
2.1764,73.2704,0.3868,-3.2376,265.5216,3.5628,2023-03-09
2.2104,73.2368,0.0008,-4.0916,251.5384,3.9268,2023-03-10
2.354,73.3,0.0016,-2.7052,264.9036,3.4188,2023-03-11
2.2824,73.3192,0.068,-0.8452,269.8604,3.508,2023-03-12
2.7732,73.1936,0.1248,-0.8088,276.5768,4.6276,2023-03-13
2.8452,72.9176,2.024,-2.8424,274.2576,5.4428,2023-03-14
2.634,72.8716,0.1572,-2.5684,263.5132,4.388,2023-03-15
2.7708,72.9708,0.286,-2.7688,282.2628,4.152,2023-03-16
2.0796,73.0468,1.8548,-1.0888,282.5684,2.9844,2023-03-17
2.7124,72.8932,3.6996,0.3096,295.1248,4.3216,2023-03-18
2.6064,72.7232,3.12,0.1616,291.8912,3.8968,2023-03-19
2.3436,72.5596,9.0388,1.0412,287.8044,3.5696,2023-03-20
2.5428,72.534,18.1288,0.6488,285.9116,4.0916,2023-03-21
2.4188,72.6736,0.4068,-1.4456,258.0876,4.2876,2023-03-22
2.804,72.6672,0.1072,-3.3048,246.1732,4.6232,2023-03-23
2.5564,72.8512,2.1704,-1.7672,275.6868,4.726,2023-03-24
4.1012,72.9744,11.5032,0.202,288.3216,6.7696,2023-03-25
3.222,72.85,1.3396,-1.8088,265.4644,5.1636,2023-03-26
2.7212,72.7864,0.032,-3.4848,248.828,4.7368,2023-03-27
2.694,72.856,0.0012,-3.3272,252.6532,4.1972,2023-03-28
2.5776,72.9904,0.016,-2.794,259.87,4.2936,2023-03-29
2.958,72.8536,1.4676,-1.3608,270.6544,5.1776,2023-03-30
3.3644,72.7444,17.72,1.1192,294.9048,4.7876,2023-03-31
2.3716,72.6908,9.3532,0.418,299.0424,3.802,2023-04-01
2.8988,72.602,0.4236,-0.528,275.8344,5.1172,2023-04-02
3.1316,72.6816,0.3404,-2.0104,269.5056,5.6492,2023-04-03
3.3836,72.7608,0.7568,-0.8388,282.7712,5.5768,2023-04-04
3.0512,72.8308,0.0552,-4.318,240.1184,5.0068,2023-04-05
3.3864,73.0296,0.0052,-5.7716,259.1232,5.5136,2023-04-06
2.7716,73.2484,0.0,-5.3496,240.7832,4.7428,2023-04-07
2.6572,73.3756,0.0008,-4.4808,251.594,4.4724,2023-04-08
2.5084,73.3228,0.0372,-3.7644,262.826,3.7936,2023-04-09
2.7056,73.1952,0.012,-3.0324,257.6116,4.8608,2023-04-10
3.0712,73.184,0.0,-1.6324,258.3652,5.6896,2023-04-11
2.9364,73.2,0.0,-0.1764,259.7696,4.8156,2023-04-12
2.6692,73.1636,0.0,0.2456,266.3028,5.0244,2023-04-13
2.456,73.2044,0.0,0.1872,269.8928,4.0396,2023-04-14
2.7684,73.2056,0.0,0.7548,287.8832,5.0304,2023-04-15
3.2608,73.0936,0.0,-0.7428,275.9728,5.5976,2023-04-16
3.1804,73.1056,0.0,0.502,280.594,4.8104,2023-04-17
3.5428,73.2112,0.508,1.6956,298.8592,5.664,2023-04-18
3.8388,72.9152,2.8744,2.4488,307.732,6.0776,2023-04-19
4.4504,72.6376,5.7712,2.5324,316.1228,5.1308,2023-04-20
4.2436,72.586,1.7116,-0.2152,286.5008,6.5428,2023-04-21
3.2504,72.6452,0.1708,-4.6928,264.2836,5.1728,2023-04-22
2.7392,72.7916,0.0288,-4.0952,279.9276,4.4116,2023-04-23
2.386,73.088,0.236,-1.328,298.2776,3.8144,2023-04-24
2.5,73.1088,0.3176,0.614,294.6036,4.5252,2023-04-25
2.9016,72.962,0.09,1.4292,287.0496,4.4124,2023-04-26
3.034,72.9796,0.682,1.9424,300.1136,5.722,2023-04-27
2.9412,73.0296,0.4556,0.9728,285.7352,4.9736,2023-04-28
2.838,72.9064,1.0332,2.9276,298.39,5.2112,2023-04-29
2.5044,72.776,12.622,3.99,311.808,3.9428,2023-04-30
3.306,72.8156,14.3328,3.7644,310.4048,4.244,2023-05-01
3.064,72.8884,7.6792,3.2964,316.3092,4.2584,2023-05-02
3.2836,72.9612,10.3572,3.8152,306.572,4.3488,2023-05-03
3.06,72.9284,2.4196,2.9768,286.712,4.5584,2023-05-04
2.9308,72.8384,0.018,1.7988,284.7116,4.9164,2023-05-05
3.4676,72.7752,0.0968,1.2832,280.3944,5.5952,2023-05-06
3.8012,72.7848,0.1012,-1.4088,275.7172,5.454,2023-05-07
3.9792,72.7852,0.6384,-0.5512,290.572,6.4372,2023-05-08
4.28,72.7984,0.6768,-0.4748,284.152,7.2376,2023-05-09
2.7456,72.7824,0.2424,-2.9524,265.7532,4.1432,2023-05-10
2.6192,73.0112,0.0184,-2.2948,278.688,3.6368,2023-05-11
2.592,73.1164,0.0,-3.3892,263.0732,4.7916,2023-05-12
2.9588,73.0912,0.0116,1.0424,280.256,4.6604,2023-05-13
3.482,72.8,0.0996,1.1356,298.048,5.6816,2023-05-14
3.9056,72.7088,0.874,0.966,287.2364,5.6548,2023-05-15
3.0992,72.8796,0.924,1.7904,283.1156,4.7612,2023-05-16
3.3272,72.9956,1.2312,3.0596,298.7388,6.5092,2023-05-17
3.3012,73.1436,1.5264,3.2188,310.4464,5.7052,2023-05-18
3.6188,72.916,0.0164,2.3932,288.9112,5.16,2023-05-19
3.5948,72.8364,0.0888,1.9416,291.9512,5.9312,2023-05-20
2.9904,73.0484,0.1356,0.2832,282.266,5.3376,2023-05-21
3.0416,73.158,0.0292,1.8816,300.1424,6.2204,2023-05-22
3.1152,73.1116,3.8264,4.6364,310.4656,5.298,2023-05-23
3.7724,72.992,5.4208,6.4216,335.1028,6.74,2023-05-24
4.0888,72.8136,5.6296,6.1136,321.7172,6.4364,2023-05-25
3.2132,72.872,0.8968,3.8032,298.3824,4.9012,2023-05-26
3.4024,72.8556,1.0864,3.6132,293.4492,5.5248,2023-05-27
3.076,73.0196,0.05,1.3928,281.5784,5.1848,2023-05-28
2.8004,73.1756,2.7888,5.5652,308.8712,5.1148,2023-05-29
3.708,73.2004,0.8024,5.2044,323.0632,4.958,2023-05-30
4.998,73.022,6.0928,6.0616,326.3056,7.014,2023-05-31
3.9112,72.8888,0.522,4.4764,302.3388,5.1912,2023-06-01
3.9412,72.7936,0.5508,3.0844,312.2296,5.1516,2023-06-02
3.3824,72.9048,0.1004,3.0424,290.2332,4.824,2023-06-03
3.104,72.99,0.0092,2.0736,296.2804,6.1652,2023-06-04
3.198,72.892,1.2408,5.0816,334.9016,5.5612,2023-06-05
2.9804,72.8368,0.9772,3.8096,317.528,5.0568,2023-06-06
3.2488,72.8428,0.2464,3.4588,295.3944,5.2624,2023-06-07
3.036,72.84,0.3036,4.0056,302.6208,4.8028,2023-06-08
2.3032,72.7176,0.9676,5.422,321.124,3.5756,2023-06-09
2.9704,72.672,0.238,6.6932,332.5172,5.1212,2023-06-10
3.1048,72.6248,0.5372,7.91,335.76,4.1588,2023-06-11
3.3052,72.564,1.6784,8.3724,330.0208,5.4576,2023-06-12
3.9332,72.5632,2.5124,8.0576,327.19,7.1284,2023-06-13
4.6984,72.5508,0.9492,7.6796,329.262,6.4512,2023-06-14
4.4352,72.6088,0.152,7.75,325.728,6.7516,2023-06-15
4.0304,72.6608,0.0088,7.5524,320.6196,6.7176,2023-06-16
3.4068,72.7976,0.2184,7.1656,325.2728,5.542,2023-06-17
2.8404,72.8264,0.6808,8.5128,360.2552,4.8348,2023-06-18
3.0444,72.7808,1.398,9.6384,355.2256,5.0876,2023-06-19
2.9288,72.7836,1.9964,9.6216,354.7036,4.3908,2023-06-20
2.3676,72.8784,1.2208,10.2704,341.7548,3.8916,2023-06-21
2.4032,72.9328,3.4288,11.8184,344.738,3.3704,2023-06-22
2.2212,72.9536,1.5672,11.6184,345.9568,3.482,2023-06-23
2.2256,72.8752,14.5244,12.6628,344.7776,3.7084,2023-06-24
2.0664,72.8608,18.896,12.5516,345.8504,4.0,2023-06-25
2.6468,72.8984,12.1924,10.7356,350.6132,3.5832,2023-06-26
2.5908,72.8336,4.7304,10.894,356.8604,4.286,2023-06-27
2.7192,72.9136,3.4184,11.68,357.0808,4.1064,2023-06-28
3.1644,72.8304,5.6196,12.0348,354.5608,4.2464,2023-06-29
2.7064,72.6872,7.5796,11.8904,352.2664,4.1848,2023-06-30
2.7592,72.7404,10.6824,11.7124,356.2544,5.172,2023-07-01
2.4776,72.78,2.4732,11.6504,354.8392,3.1632,2023-07-02
2.6044,72.8148,1.6216,12.1656,343.768,4.4512,2023-07-03
3.3588,72.7168,4.0832,12.4792,352.1212,5.088,2023-07-04
3.2508,72.6884,19.3936,11.476,352.694,5.7724,2023-07-05
2.7684,72.874,15.1188,11.2728,352.2072,3.7976,2023-07-06
2.5928,72.9528,6.4632,12.0484,351.4984,4.4576,2023-07-07
3.46,72.9868,24.826,12.7084,355.6048,5.99,2023-07-08
3.9288,72.9776,11.2644,12.8288,352.6868,4.8316,2023-07-09
3.5552,72.9344,15.8676,13.2536,352.492,4.714,2023-07-10
2.812,72.8976,8.0388,12.8464,357.92,4.306,2023-07-11
3.0468,72.8348,18.5744,13.4712,363.2592,4.5612,2023-07-12
2.4584,72.8848,14.1296,12.9044,354.162,4.3032,2023-07-13
2.274,72.9144,2.5944,12.62,355.674,3.4924,2023-07-14
2.3708,72.9028,2.5328,13.2096,361.548,4.0196,2023-07-15
2.8936,72.9156,1.7876,13.6068,354.3552,3.648,2023-07-16
2.7592,72.8428,9.388,13.6672,349.2108,3.0064,2023-07-17
2.6488,72.8252,13.5568,13.4536,361.674,3.5292,2023-07-18
2.4696,72.8508,2.4352,12.3816,365.6628,4.222,2023-07-19
2.5204,72.8812,3.2964,13.426,353.6764,4.2776,2023-07-20
2.5552,73.0136,4.118,14.038,352.7052,3.9936,2023-07-21
2.8632,73.206,7.0572,13.3192,351.9336,3.9496,2023-07-22
2.4864,73.1596,2.69,12.874,351.2564,3.4888,2023-07-23
2.72,72.95,3.0692,13.0128,352.198,3.2228,2023-07-24
3.1876,72.9336,5.1584,13.9828,349.4284,4.194,2023-07-25
2.768,73.0092,9.3024,13.338,351.2352,4.0476,2023-07-26
2.6152,72.9244,5.4084,13.36,357.5256,3.5312,2023-07-27
2.7628,72.7588,6.2368,13.1892,356.7456,4.4812,2023-07-28
2.324,72.7264,3.3708,12.3892,353.4844,3.35,2023-07-29
2.66,72.6372,3.1732,13.0164,349.6696,4.8296,2023-07-30
2.3708,72.6144,6.8616,13.0808,350.118,3.9796,2023-07-31
2.6176,72.5888,2.7736,14.1928,344.5736,4.4556,2023-08-01
2.7764,72.67,1.4892,13.9176,346.774,5.02,2023-08-02
2.452,72.6576,11.1508,13.794,347.2376,4.0168,2023-08-03
2.4168,72.8492,16.6744,13.4996,351.7488,5.17,2023-08-04
2.966,72.8808,7.8324,14.0664,349.8408,4.7292,2023-08-05
3.4808,72.6284,4.416,13.894,348.4808,4.5308,2023-08-06
3.7512,72.406,3.738,13.8628,346.0044,4.2584,2023-08-07
3.756,72.5164,7.8936,14.0116,342.0476,4.1668,2023-08-08
2.5132,72.864,6.2488,13.5276,351.5892,3.4516,2023-08-09
2.3096,73.0012,12.4056,13.5,357.1032,3.7852,2023-08-10
2.9392,72.9716,5.284,14.0036,357.5812,4.3332,2023-08-11
3.2996,72.7716,3.5288,14.2124,351.4148,4.292,2023-08-12
3.5432,72.6636,16.078,14.022,348.4016,4.3552,2023-08-13
2.678,72.9844,15.0276,12.0752,353.928,4.0256,2023-08-14
2.6072,72.9528,1.524,12.554,350.296,4.6264,2023-08-15
2.7152,72.9664,0.2016,13.0852,337.7944,4.4828,2023-08-16
2.8196,72.9536,5.4596,13.2656,336.6272,4.8296,2023-08-17
2.504,73.0412,2.532,13.4696,347.852,4.02,2023-08-18
2.2308,73.1188,2.7976,13.562,342.7916,3.5152,2023-08-19
2.4656,73.1176,6.012,14.0876,350.3648,3.7088,2023-08-20
2.3872,73.0096,5.0764,13.828,353.0624,3.3048,2023-08-21
2.774,72.8564,11.6604,14.0936,353.016,3.9348,2023-08-22
2.684,72.7272,12.0104,13.8144,343.0792,4.0972,2023-08-23
2.9856,72.5652,4.7768,12.8248,340.1332,4.636,2023-08-24
3.2364,72.5868,0.8416,11.4392,331.9184,4.6744,2023-08-25
2.8932,72.7056,10.0628,10.78,326.108,3.9192,2023-08-26
2.8952,72.6588,2.8788,10.7112,319.5132,4.4136,2023-08-27
2.8612,72.6676,1.364,10.3764,319.6484,3.968,2023-08-28
2.5648,72.8632,0.3728,9.9704,302.534,3.69,2023-08-29
2.206,73.0508,1.776,11.01,311.9968,2.882,2023-08-30
2.2348,73.1468,0.1544,12.4656,317.316,3.454,2023-08-31
2.3564,73.1384,0.0224,12.9684,327.57,4.1808,2023-09-01
2.6996,73.0344,0.0008,11.8588,322.8748,4.9676,2023-09-02
2.5448,72.9752,0.2996,11.0292,318.93,4.1164,2023-09-03
2.4616,72.95,0.7464,10.0492,320.5476,4.1844,2023-09-04
2.6028,73.0296,0.5204,9.9872,335.8084,4.4964,2023-09-05
2.666,73.1188,0.3336,10.27,334.7884,4.458,2023-09-06
2.402,73.1108,1.4304,10.4028,322.1496,3.5712,2023-09-07
1.7524,73.08,4.3924,10.7788,344.1024,3.1104,2023-09-08
2.0456,73.008,11.11,11.0316,348.478,3.4176,2023-09-09
2.0808,72.906,42.6332,11.0028,345.244,3.4408,2023-09-10
2.064,72.8832,5.498,10.6548,336.5524,3.5072,2023-09-11
2.1108,72.9748,0.7484,10.5076,324.2324,2.8548,2023-09-12
2.1716,72.9844,0.6028,12.5492,334.326,3.8888,2023-09-13
2.05,73.1096,8.6912,13.1036,338.906,3.052,2023-09-14
2.06,73.1488,2.6972,12.0372,334.0916,3.6376,2023-09-15
1.9844,73.1452,3.5888,11.2308,339.15,2.7724,2023-09-16
2.1616,73.0332,2.3724,11.1072,344.4588,3.0888,2023-09-17
2.4264,73.038,1.4936,11.032,342.158,3.5552,2023-09-18
2.1124,73.1864,1.4216,10.8664,327.0168,3.9016,2023-09-19
2.414,73.1728,0.4268,11.1668,335.6896,3.9528,2023-09-20
2.3244,73.104,0.4196,8.7936,323.4988,3.9488,2023-09-21
2.2152,73.084,2.2328,8.178,318.0624,4.3288,2023-09-22
2.5496,73.0676,2.8892,8.3812,315.4132,4.5448,2023-09-23
2.4296,73.026,0.9292,6.6192,306.312,4.3012,2023-09-24
2.5348,73.0652,0.0036,5.1704,292.1936,4.7016,2023-09-25
2.4204,73.1556,0.0,4.4304,283.1232,4.402,2023-09-26
2.3548,73.1284,0.0,5.0688,278.5608,4.3176,2023-09-27
2.4376,73.1232,0.0116,4.902,273.1084,3.9904,2023-09-28
2.6076,73.132,0.0736,5.3368,283.7364,3.9668,2023-09-29
2.7216,73.1212,0.2984,7.3128,306.28,4.7604,2023-09-30
2.474,73.0772,0.3844,7.3888,291.2596,3.8104,2023-10-01
2.9124,73.0952,0.3152,6.9188,303.4552,4.6384,2023-10-02
2.7148,73.0948,0.752,6.806,287.1764,4.466,2023-10-03
2.4544,73.1056,0.1324,5.594,272.6664,4.7268,2023-10-04
2.2048,73.0908,0.012,4.7612,273.046,4.3348,2023-10-05
2.256,73.0668,0.004,4.5148,278.468,4.3936,2023-10-06
2.4312,73.1316,0.0004,4.1584,280.4064,4.424,2023-10-07
2.5788,73.1608,0.002,2.7036,271.5832,4.8312,2023-10-08
2.6472,73.216,0.1408,0.9308,256.9616,5.0904,2023-10-09
3.0376,73.1788,0.0688,0.996,278.602,5.574,2023-10-10
2.1132,73.212,0.0,0.4376,251.7148,3.1272,2023-10-11
2.2704,73.3404,0.0,0.0068,250.6396,4.42,2023-10-12
2.3056,73.3868,0.0,1.7124,257.7268,4.4156,2023-10-13
2.5716,73.2964,0.1096,1.9228,265.4872,4.9668,2023-10-14
2.858,73.1236,0.168,1.8928,276.1788,4.9508,2023-10-15
2.814,73.2108,9.1556,2.0956,285.5908,5.3256,2023-10-16
2.5092,73.2872,2.2032,0.7088,284.6256,3.768,2023-10-17
2.668,73.2424,0.0148,-0.4296,253.5872,3.8764,2023-10-18
2.3516,73.2428,0.0,-0.7736,245.0892,3.81,2023-10-19
2.1648,73.322,0.0,-0.4056,247.244,3.7464,2023-10-20
2.2196,73.4036,0.0,0.2668,252.088,3.7852,2023-10-21
2.3884,73.408,0.0,-0.0016,261.3016,3.896,2023-10-22
2.504,73.3092,0.026,-0.4792,264.9084,3.4808,2023-10-23
2.338,73.2684,0.0276,-1.5108,250.8116,3.658,2023-10-24
1.9528,73.3324,0.1176,-0.1948,248.8464,2.9572,2023-10-25
2.1456,73.2964,0.0,0.4836,247.2328,3.6684,2023-10-26
2.1728,73.2568,0.0,-0.132,241.5496,3.6184,2023-10-27
2.122,73.3216,0.0,0.282,247.0564,3.8616,2023-10-28
1.7784,73.324,0.0,1.6816,258.776,3.6132,2023-10-29
2.0196,73.4,0.0,0.7232,252.7268,3.6668,2023-10-30
2.1332,73.5112,0.0,0.5904,248.6912,3.364,2023-10-31
2.3328,73.5404,0.0,-0.7284,242.526,4.1964,2023-11-01
2.4288,73.352,0.0,-1.414,238.8084,4.1288,2023-11-02
2.5596,73.1284,0.0,-1.7768,255.7976,4.2732,2023-11-03
1.8212,73.1172,0.0,-2.6688,240.7092,2.7632,2023-11-04
2.036,73.264,0.0,-3.7488,232.6352,3.1896,2023-11-05
2.016,73.3684,0.0,-1.5208,238.172,3.972,2023-11-06
2.0916,73.2828,0.0,-2.5044,234.8096,3.502,2023-11-07
2.3376,73.1752,0.0,-2.3052,245.496,4.1108,2023-11-08
2.468,73.1784,0.0112,-1.9656,246.7228,4.0808,2023-11-09
2.4296,73.3148,1.0748,-1.5544,279.1516,4.0212,2023-11-10
2.0268,73.3364,0.9096,-0.7172,273.9076,3.0012,2023-11-11
2.1984,73.4724,0.0008,-2.8772,235.594,3.4712,2023-11-12
2.4176,73.5004,0.0,-1.368,235.5964,4.8532,2023-11-13
2.3148,73.4388,0.0,-2.7616,239.7008,4.1336,2023-11-14
1.9048,73.4344,0.0,-3.182,230.5956,3.2248,2023-11-15
2.0296,73.556,0.0,-1.5932,232.5344,3.2324,2023-11-16
1.8776,73.5556,0.0,-1.1772,239.7928,2.9536,2023-11-17
1.9692,73.4444,0.0,-1.5516,239.3164,3.4172,2023-11-18
2.3944,73.466,0.0,-1.828,242.2,4.0536,2023-11-19
2.2932,73.4068,0.0,-2.944,231.088,4.3432,2023-11-20
2.096,73.2752,0.0,-4.7872,220.164,3.136,2023-11-21
2.022,73.1644,0.0,-6.0168,218.5888,3.5124,2023-11-22
2.5076,73.142,0.0,-2.9048,222.8396,4.5424,2023-11-23
2.1948,73.2616,0.0,-3.5332,222.0772,3.7616,2023-11-24
1.968,73.4176,0.0,-4.768,228.87,3.4564,2023-11-25
1.848,73.55,0.0,-3.9144,249.6664,3.0328,2023-11-26
2.5508,73.3544,0.0428,-1.73,274.0064,5.0972,2023-11-27
2.3584,73.16,0.0072,-2.4364,280.3924,3.4952,2023-11-28
2.1468,73.2204,0.0096,-3.0668,254.4204,3.2928,2023-11-29
2.7456,73.2388,0.0588,-2.4032,252.6864,4.0408,2023-11-30
2.3492,73.242,0.1524,-2.6316,245.474,3.8072,2023-12-01
2.5188,73.2684,0.0116,-3.8564,225.3364,4.0124,2023-12-02
2.5808,73.3272,0.4364,-5.3724,230.4364,4.1612,2023-12-03
2.4108,73.1272,2.2328,-2.2144,271.8968,5.5984,2023-12-04
1.82,73.0724,0.1368,-2.5092,240.206,3.0692,2023-12-05
2.1924,73.252,0.0,-4.8156,227.732,3.2768,2023-12-06
1.8996,73.1672,0.0,-5.5788,226.0688,3.258,2023-12-07
2.4924,73.04,0.0,-5.3788,222.3304,5.3836,2023-12-08
2.6196,72.994,0.0,-8.4568,211.0184,5.5276,2023-12-09
2.5028,72.8852,0.0,-11.424,206.0832,5.372,2023-12-10
2.2296,72.9516,0.1588,-9.6836,219.3124,4.5204,2023-12-11
2.7924,72.76,0.0836,-8.0088,231.7976,4.6084,2023-12-12
3.0908,72.8856,0.0,-9.2248,209.228,5.7356,2023-12-13
2.644,73.1228,0.0,-9.8928,219.3676,4.5676,2023-12-14
2.3896,73.2916,0.0,-11.324,222.9892,5.1088,2023-12-15
2.94,73.0632,0.0,-13.8476,219.032,4.8472,2023-12-16
3.0184,72.9968,0.0,-12.0512,204.0684,4.7632,2023-12-17
2.0216,73.1448,0.0,-13.2152,197.4112,3.044,2023-12-18
2.1376,73.3352,0.0,-14.1928,205.2808,3.5384,2023-12-19
1.9888,73.4348,0.0,-12.022,222.6424,3.4884,2023-12-20
1.8536,73.382,0.0,-11.4172,222.4328,3.536,2023-12-21
1.792,73.3912,0.0,-9.9568,225.188,3.2128,2023-12-22
2.4348,73.4408,0.0,-6.2212,246.3384,4.8288,2023-12-23
2.1288,73.5308,0.0,-7.2988,226.146,3.8252,2023-12-24
1.9476,73.4296,0.0,-8.3072,221.8972,3.3668,2023-12-25
2.336,73.428,0.0,-9.7736,233.25,4.7864,2023-12-26
2.386,73.4548,0.0,-9.2904,220.39,4.3588,2023-12-27
1.8248,73.3632,0.0,-10.7784,222.2752,2.7808,2023-12-28
1.9388,73.3576,0.0,-9.914,227.2048,3.4372,2023-12-29
2.1244,73.23,0.0,-7.698,234.9084,4.4676,2023-12-30
2.0532,73.1696,0.0,-7.8224,233.0408,3.4316,2023-12-31
2.0044,73.0848,0.0,-9.4264,213.608,3.5196,2024-01-01
1.9824,73.0412,0.0,-12.3856,208.5764,2.9904,2024-01-02
2.1644,73.0296,0.0,-13.4728,211.224,3.6564,2024-01-03
1.9384,73.0164,0.0,-13.9748,214.0768,3.5088,2024-01-04
2.2448,73.0296,0.0004,-13.5456,214.5836,4.2884,2024-01-05
2.0224,73.1092,0.0,-11.8272,211.6976,3.2368,2024-01-06
2.04,73.1848,0.0,-11.3748,211.37,3.3264,2024-01-07
2.2264,73.2336,0.0,-11.8764,212.1284,4.37,2024-01-08
2.6736,73.1252,0.0012,-10.48,217.4292,6.2444,2024-01-09
2.4836,73.0444,0.0,-11.9108,211.2388,4.4852,2024-01-10
2.2136,73.1756,0.0,-14.2736,214.6504,3.8432,2024-01-11
2.252,73.2052,0.0,-13.6324,223.6328,3.8856,2024-01-12
2.1312,73.192,0.0,-11.1816,237.48,3.9956,2024-01-13
2.3328,73.124,0.0,-15.0964,210.2548,4.5076,2024-01-14
2.3984,73.0076,0.0,-12.6504,219.05,4.914,2024-01-15
2.6732,72.8188,0.0,-10.4048,225.0268,5.272,2024-01-16
2.4668,72.7528,0.0,-8.1784,234.014,3.8888,2024-01-17
2.1744,72.8408,0.0,-8.5704,218.8432,3.708,2024-01-18
2.2352,72.9592,0.0,-9.3092,212.0472,4.6788,2024-01-19
2.612,72.9068,0.0,-8.8568,222.6916,4.5272,2024-01-20
2.3216,72.8964,0.0,-12.144,210.9064,4.1568,2024-01-21
2.4432,73.0524,0.0,-14.746,223.7084,4.8248,2024-01-22
2.1196,72.8796,0.0,-11.4976,226.94,3.6728,2024-01-23
2.0832,72.8512,0.0,-9.9676,226.0964,3.6044,2024-01-24
2.4228,73.0172,0.0,-10.7376,219.2188,4.4324,2024-01-25
2.4916,73.1076,0.0,-8.9804,230.316,5.1008,2024-01-26
2.9656,73.0576,0.0,-10.7376,214.2256,5.4664,2024-01-27
2.638,73.116,0.0,-7.8124,235.4776,5.7676,2024-01-28
2.834,73.0192,0.0,-6.8868,223.464,5.4824,2024-01-29
2.6916,72.9048,0.1412,-9.1872,223.0936,5.1336,2024-01-30
3.472,72.8204,2.436,-7.7656,253.5988,5.4084,2024-01-31
5.302,72.782,8.0844,-5.8976,271.7972,5.5252,2024-02-01
3.838,72.8176,0.0356,-14.17,215.2556,6.2048,2024-02-02
3.2236,72.9488,0.6204,-11.2088,235.3304,5.2712,2024-02-03
3.9052,72.9024,7.9248,-4.392,275.8576,6.848,2024-02-04
3.6292,72.8544,1.4132,-5.826,261.2212,4.8712,2024-02-05
3.3736,72.8784,0.0028,-10.4256,222.872,5.9852,2024-02-06
3.3328,72.9092,0.0,-12.7124,212.4024,5.7804,2024-02-07
2.9972,72.9324,0.0,-15.8592,199.0348,4.5604,2024-02-08
2.5368,73.1924,0.0,-15.14,205.422,4.482,2024-02-09
2.1888,73.3384,0.0,-13.6092,211.2352,3.8612,2024-02-10
2.2004,73.3604,0.0,-11.0776,215.5664,3.7468,2024-02-11
2.2596,73.3156,0.0,-9.4004,234.8244,4.3772,2024-02-12
2.648,73.2448,0.0,-8.4232,253.578,4.77,2024-02-13
2.0896,73.2072,0.0004,-9.5644,233.7384,2.9256,2024-02-14
2.1712,73.3444,0.0,-10.3628,223.9252,3.4096,2024-02-15
2.536,73.364,0.0,-8.8376,223.3372,4.922,2024-02-16
2.9584,73.0176,0.0,-8.418,229.8268,6.3312,2024-02-17
3.0548,72.9392,0.0208,-6.2052,259.4968,5.8416,2024-02-18
5.2204,72.8816,3.1256,-5.1844,284.426,6.1412,2024-02-19
5.5068,72.6668,2.6828,-3.8792,286.4916,5.8736,2024-02-20
4.4228,72.4688,0.0716,-7.084,262.3212,5.6752,2024-02-21
3.4304,72.528,0.0396,-11.0524,233.54,4.6488,2024-02-22
2.9164,72.7128,0.0,-13.1628,206.7476,5.2372,2024-02-23
3.7872,72.71,0.0456,-12.056,228.808,5.6916,2024-02-24
3.0188,72.9348,0.0008,-13.7476,218.4236,5.0896,2024-02-25
2.7544,73.1528,0.0,-11.918,248.9764,4.9736,2024-02-26
2.8156,73.0964,0.3792,-5.118,274.0976,4.6696,2024-02-27
3.1736,72.922,0.0084,-6.2164,232.6088,5.9856,2024-02-28
2.6764,73.0044,0.0008,-7.1432,229.8444,5.098,2024-02-29
2.8312,73.1452,1.9532,-4.6972,272.6432,5.732,2024-03-01
5.074,72.9032,15.708,-1.052,289.3696,6.4144,2024-03-02
5.7524,72.7032,24.2012,-1.736,295.762,5.0696,2024-03-03
3.6252,72.8,2.5568,-5.0272,251.6116,5.9396,2024-03-04
2.5876,72.9368,0.0,-10.082,239.5008,3.5404,2024-03-05
2.974,72.8736,0.0208,-8.1732,252.474,4.12,2024-03-06
3.4192,72.8228,0.0244,-6.4248,249.434,4.8628,2024-03-07
2.88,72.9724,0.0,-8.204,222.0432,4.4032,2024-03-08
2.6916,73.0748,0.0,-10.0636,222.5832,4.0936,2024-03-09
2.5712,73.258,0.0,-8.0668,251.9784,4.5476,2024-03-10
2.8852,73.224,0.03,-4.522,276.9976,4.5692,2024-03-11
2.936,73.0672,0.1192,-4.2484,254.7384,4.5836,2024-03-12
3.5776,72.9108,0.156,-5.2468,265.2964,6.3556,2024-03-13
3.2028,73.0256,0.0608,-5.0656,252.7676,5.0084,2024-03-14
2.8796,73.0244,0.0,-5.1876,235.1964,4.8584,2024-03-15
2.9096,73.1564,0.0,-5.2008,242.5972,4.5756,2024-03-16
2.5684,73.1896,0.0,-6.0684,244.0684,4.8528,2024-03-17
2.5536,73.1,0.0,-6.0628,254.1312,4.2656,2024-03-18
2.4468,73.0876,0.1696,-6.8792,251.6144,3.32,2024-03-19
2.5288,73.1992,0.0096,-5.8528,248.8208,4.9248,2024-03-20
2.672,73.1116,0.0124,-3.2772,280.83,4.6124,2024-03-21
3.6052,72.8352,0.0348,-1.4032,285.2404,6.4248,2024-03-22
3.0932,72.7996,0.0,-4.75,254.3512,5.2644,2024-03-23
2.8432,73.048,0.0008,-3.0504,271.2068,4.8924,2024-03-24
2.9964,73.0832,0.0,-3.7056,252.7132,5.5108,2024-03-25
2.7196,73.1632,0.0,-3.79,269.6736,4.3792,2024-03-26
3.1768,73.3196,0.0,-0.0044,293.888,5.8884,2024-03-27
3.5756,73.2196,0.0472,1.5248,290.0232,6.1368,2024-03-28
3.714,73.2296,0.9904,1.7996,290.6472,5.3376,2024-03-29
4.476,73.2168,3.576,1.1412,303.1752,7.0696,2024-03-30
3.7992,73.0996,0.1976,-2.2784,284.1808,6.5032,2024-03-31
